u_id,s_id,o_id,return_count,returns nms,return_count similar,nonreturn_count,return_shape
17946,12382,4021,2,2,0,3,0
509,12382,3960,4,0,1,1,3
577,12382,3545,4,1,2,1,0
765,12382,3650,4,2,0,1,1
772,12382,3610,4,0,0,1,2
17334,12382,3985,0,0,0,5,0
10652,12382,3335,3,1,0,2,2
890,12382,3467,5,1,1,0,1
14704,12382,3400,5,2,1,0,0
17577,12382,3922,3,0,0,2,1
14661,12382,3418,2,0,0,3,0
17170,12382,3837,5,1,0,0,2
17104,12382,3803,5,1,0,0,0
15112,12382,3424,3,0,2,2,0
15390,12382,3478,5,0,1,0,3
2468,12382,3687,5,1,1,0,3
4577,12382,3847,5,1,1,0,0
15422,12382,3480,5,1,0,0,4
3972,12382,4089,5,1,2,0,2
4107,12382,3851,3,0,0,2,3
16695,12382,3716,5,1,0,0,3
13808,12382,3653,3,1,1,2,0
296,12382,3950,5,2,2,0,0
11279,12382,3682,4,1,1,1,0
15345,12382,3446,5,2,0,0,3
15327,12382,3445,3,2,0,1,0
9788,12382,3692,3,2,1,1,0
15198,12382,3435,4,2,0,1,0
3981,12382,3694,2,0,1,3,1
14643,12382,3421,5,5,0,0,0
15601,12382,3499,3,0,0,2,2
14605,12382,3964,2,0,0,3,1
17741,12382,3952,5,0,4,0,0
4240,12382,3508,4,0,0,1,0
12424,12382,3517,4,0,1,1,2
15134,12382,3429,4,2,0,0,0
17405,12382,3940,5,0,0,0,0
16335,12382,3901,5,1,1,0,2
3788,12382,4100,2,0,0,3,0
506,12382,3825,5,5,0,1,0
17861,12382,3996,5,2,2,0,0
5218,12382,3052,3,2,0,2,1
17211,12382,3823,5,2,0,0,1
15089,12382,3443,4,0,1,1,1
17047,12382,3802,5,5,0,0,0
4114,2660,1176,1,0,0,4,1
3587,2660,1085,4,4,0,1,0
3954,2660,1143,4,2,2,1,0
3095,2660,948,4,1,2,1,1
1516,2660,974,5,3,2,0,0
3543,2660,1075,3,2,0,2,1
4333,2660,1218,5,2,1,0,1
3485,2660,1077,4,1,0,1,3
2792,2660,894,3,2,0,2,1
2148,2660,1036,5,1,0,0,2
3830,2660,1124,5,1,0,0,4
3195,2660,968,3,2,0,2,1
3717,2660,1102,0,0,0,5,0
3227,2660,1225,0,0,0,5,0
3820,2660,1122,0,0,0,5,0
3846,2660,1129,0,0,0,5,0
577,2660,1189,2,0,0,3,2
868,2660,1130,2,2,0,3,0
3338,2660,1048,5,1,2,0,2
2641,2660,924,3,1,1,2,0
3610,2660,1087,5,2,1,0,2
3740,2660,1105,0,0,0,5,0
643,2660,1053,4,2,0,1,2
3379,2660,1021,4,1,0,1,3
2896,2660,917,1,0,0,4,1
3215,2660,976,3,2,0,2,1
3427,2660,1052,2,1,1,3,0
3121,2660,1120,3,1,1,2,1
3116,2660,954,5,2,2,0,1
3799,2660,1119,2,1,1,3,0
3167,2660,962,5,3,1,0,1
3243,2660,978,5,1,1,0,1
4028,2660,1154,5,3,1,0,0
2721,2660,981,3,2,0,2,1
4182,2660,1224,4,2,0,1,2
3500,2660,1070,4,2,1,1,1
382,2660,1136,3,1,1,2,1
4480,2660,1247,4,1,1,1,0
3284,2660,983,5,3,0,0,0
3177,2660,1004,3,1,0,2,1
2577,2660,855,3,1,0,2,0
4083,2660,1167,3,2,0,2,1
3461,2660,1046,4,1,2,1,1
3437,2660,1040,0,0,0,5,0
2869,2660,906,4,3,0,1,1
3096,2660,947,0,0,0,5,0
2860,2660,902,3,0,1,2,2
3486,2660,1056,2,1,0,3,1
3653,2660,1097,4,0,2,1,1
3966,2660,1149,0,0,0,5,0
3333,2660,1008,2,2,0,3,0
3964,2660,1210,4,2,0,1,2
3892,2660,1137,5,1,1,0,2
3869,2660,1172,2,0,1,3,1
4063,2660,1162,5,2,1,0,1
4279,2660,1211,4,3,1,1,0
3696,2660,1100,3,0,3,2,0
2731,2660,1042,2,1,0,3,1
900,2660,1192,2,0,0,2,1
4088,2660,1168,3,1,0,2,2
3423,2660,1032,4,1,2,1,0
3909,2660,1215,5,3,1,0,0
4155,2660,1188,5,1,0,0,1
3107,2660,949,4,1,2,1,0
3311,2660,997,3,2,1,2,0
2854,2660,966,5,2,1,0,1
3513,2660,1058,5,1,0,0,2
3961,2660,1145,2,1,1,3,0
3323,2660,1001,0,0,0,5,0
3473,2660,1060,5,3,1,0,1
3676,2660,1099,5,3,2,0,0
3018,2660,929,5,1,1,0,3
2057,2660,1094,3,1,0,0,2
3601,2660,1086,4,1,1,1,2
4153,2660,1185,2,1,0,3,0
4073,2660,1173,0,0,0,5,0
1887,1865,1575,3,1,1,2,1
900,1865,848,0,0,0,8,0
2709,1865,915,2,2,0,3,0
3376,1865,2005,3,1,0,3,2
625,1865,1238,3,0,0,3,3
4068,1865,1163,3,0,2,0,1
1645,1865,1452,4,2,0,2,1
5363,1865,1637,5,5,0,0,0
1848,1865,642,2,0,0,3,1
5330,1865,1651,2,0,1,2,1
5003,1865,1458,3,2,0,2,1
2899,1865,918,3,0,1,2,2
5884,1865,1776,3,0,0,0,2
12758,12381,3114,4,4,0,1,0
7624,12381,3075,3,1,1,2,1
10896,12381,3564,5,3,0,0,0
13687,12381,3243,4,1,2,1,1
15335,12381,3469,4,4,0,0,0
5485,12381,3361,4,0,2,1,1
15876,12381,3531,4,1,0,1,1
16012,12381,3613,5,1,0,0,3
15527,12381,3472,5,1,2,0,1
13761,12381,3252,0,0,0,6,0
13850,12381,3260,4,3,1,1,0
12796,12381,3572,5,1,2,0,2
13452,12381,3212,5,3,0,0,2
12892,12381,3130,4,1,1,1,1
13697,12381,3487,5,1,1,0,2
12642,12381,3181,4,1,0,1,3
13371,12381,3237,5,4,0,0,1
3610,12381,3142,4,1,2,1,0
12584,12381,3090,4,2,1,1,1
14296,12381,3311,4,1,0,1,3
13514,12381,3227,5,4,0,0,0
6202,12381,3482,4,0,0,1,2
8871,12381,3276,5,1,0,0,3
10644,12381,3492,4,4,0,0,0
12285,12381,3150,5,2,1,0,2
15098,12381,3471,5,0,0,0,0
14123,12381,3356,5,5,0,0,0
15319,12381,3444,5,2,0,0,0
14561,12381,3360,5,1,0,0,3
15270,12381,3438,4,2,0,1,1
6258,12381,3351,5,3,0,0,1
15968,12381,3588,5,5,0,0,0
10980,12381,3206,4,1,0,1,1
15163,12381,3432,5,1,0,0,3
4792,12381,3525,4,3,0,1,0
8754,12381,3172,3,1,0,2,1
13356,12381,3192,5,1,0,0,2
15959,12381,3582,4,0,0,1,4
15499,12381,3501,3,1,1,2,0
12526,12381,3145,4,2,1,1,0
16251,12381,3648,5,1,0,0,4
14456,12381,3336,4,1,0,1,3
15473,12381,3502,3,0,0,2,3
9080,12381,3197,4,1,1,0,1
13622,12381,3236,5,0,2,0,1
15938,12381,3600,5,4,0,0,1
15932,12381,3567,5,0,0,0,2
11483,12381,3383,3,0,1,2,1
13179,12381,3155,4,2,1,1,1
12440,12381,3413,5,5,0,0,0
9788,12381,3249,5,1,1,3,2
13210,12381,3163,4,1,1,1,0
1508,12381,3341,5,3,0,0,1
12603,12381,3096,5,5,0,0,0
15731,12381,3557,5,0,0,0,5
14426,12381,3326,4,0,0,1,4
13457,12381,3301,4,1,0,1,1
13095,12381,3216,5,0,1,0,3
10906,12381,3084,4,2,1,1,1
13812,12381,3257,1,0,0,4,1
14748,12381,3407,4,1,2,1,0
15734,12381,3496,5,2,0,0,0
14599,12381,3408,5,0,0,0,0
17812,17931,4023,3,1,1,2,1
12947,17931,4123,5,1,0,0,3
19262,17931,4326,0,0,0,5,0
15444,17931,4135,0,0,0,5,0
9916,17931,4249,0,0,0,5,0
17893,17931,4011,5,2,0,0,1
15116,17931,4004,4,1,3,1,0
17941,17931,4018,4,0,0,1,3
19121,17931,4282,0,0,0,5,0
18125,17931,4265,0,0,0,5,0
16695,17931,4131,4,0,1,1,1
18760,17931,4204,3,1,0,2,2
14727,17931,4031,0,0,0,5,0
7332,17931,4224,0,0,0,5,0
17767,17931,4105,3,1,1,2,1
14714,17931,3997,5,0,0,0,5
18531,17931,4147,5,2,0,0,2
2709,17931,4233,5,2,0,0,2
2678,17931,4102,3,0,0,2,3
3376,17931,4289,0,0,0,5,0
19236,17931,4319,0,0,0,5,0
18618,17931,4169,3,1,2,2,0
18484,17931,4161,5,2,0,0,0
19338,17931,4347,0,0,0,5,0
5103,17931,4063,4,1,1,1,0
15448,17931,4050,4,0,2,1,0
13884,17931,4284,3,0,1,2,0
18417,17931,4366,0,0,0,5,0
18640,17931,4182,4,1,0,1,2
12863,17931,4112,2,1,0,3,1
17801,17931,4226,0,0,0,5,0
18603,17931,4166,3,0,1,2,0
8942,8864,2453,3,1,0,2,2
9041,8864,2470,5,0,3,0,1
9848,8864,2693,4,1,1,1,2
10072,8864,2729,5,5,0,0,0
1654,8864,2737,5,2,0,0,2
9466,8864,2605,5,5,0,0,0
8894,8864,2511,5,2,0,0,3
577,8864,2520,3,0,1,2,2
2269,8864,2695,3,0,2,2,1
3746,760,1561,5,2,2,0,1
1893,760,653,4,2,0,1,2
8420,760,2621,3,0,0,2,2
5524,760,2062,3,1,2,2,0
2489,760,812,3,3,0,2,0
5107,760,1510,4,2,0,1,1
3587,760,1577,2,2,0,3,0
640,760,1808,0,0,0,6,0
941,760,320,0,0,0,3,0
758,760,395,0,0,0,5,0
5024,760,1504,4,0,0,1,4
808,760,1495,5,4,1,0,0
1443,760,4243,4,3,1,1,0
3338,760,2583,2,2,0,3,0
1683,760,593,5,5,0,0,0
10191,760,2761,4,1,1,1,2
4727,760,1332,2,0,0,3,2
2196,760,1955,5,4,0,1,1
7419,760,2099,5,2,1,1,0
5362,760,2129,7,0,3,0,2
1505,760,1715,5,2,2,1,1
506,760,865,5,5,0,0,0
314,760,1288,6,4,0,0,2
2439,760,794,2,1,0,3,1
2756,760,921,2,1,0,3,1
4637,760,2140,6,5,0,0,1
1844,760,640,2,0,0,3,2
1665,760,580,3,1,0,2,2
539,760,2951,3,3,0,2,0
3869,760,1257,3,2,1,2,0
8304,760,2276,5,1,1,0,1
1454,760,663,2,1,0,3,1
1470,511,506,2,0,0,3,2
1598,511,601,4,0,1,1,0
735,511,420,0,0,0,4,0
906,511,652,5,1,1,0,2
2527,511,832,4,2,0,1,1
1093,511,351,0,0,0,5,0
619,511,429,3,2,0,2,1
356,511,425,0,0,0,5,0
1671,511,585,4,2,1,1,1
509,511,529,0,0,0,5,0
506,511,330,0,0,0,5,0
1109,511,353,0,0,0,4,0
615,511,199,0,0,0,8,0
702,511,281,0,0,0,3,0
1908,511,654,0,0,0,5,0
1766,511,667,2,0,0,2,2
1562,511,540,0,0,0,5,0
1951,511,669,1,0,1,2,0
1350,511,629,2,2,0,3,0
1329,511,458,0,0,0,5,0
2500,511,817,5,2,1,0,2
2046,511,671,2,1,0,3,0
1826,511,633,4,2,0,1,1
1673,511,586,0,0,0,5,0
1553,511,539,0,0,0,5,0
1309,511,452,0,0,0,4,0
840,511,285,0,0,0,5,0
1153,511,389,0,0,0,5,0
1464,511,841,5,1,1,0,3
1072,511,344,0,0,0,5,0
777,511,393,0,0,0,4,0
1805,511,630,3,2,0,2,0
1585,511,548,0,0,0,5,0
1294,511,447,0,0,0,5,0
748,511,409,0,0,0,3,0
2133,511,706,4,2,0,1,1
1516,511,528,3,3,0,2,0
1664,511,584,5,1,0,0,3
1691,511,591,4,2,1,1,1
2416,511,787,5,3,0,0,2
911,511,301,0,0,0,3,0
2227,511,725,4,3,0,1,1
1019,511,563,4,0,2,1,2
1077,511,345,0,0,0,5,0
1632,511,572,0,0,0,5,0
2129,511,704,0,0,0,5,0
1999,511,746,1,1,0,4,0
646,511,211,4,2,1,1,1
845,511,283,0,0,0,8,0
2055,511,673,3,1,1,2,1
1474,511,507,4,1,1,1,1
644,511,226,0,0,0,3,0
975,511,323,0,0,0,2,0
487,511,807,5,4,1,0,0
2068,511,678,5,2,0,0,2
2502,511,818,5,2,0,0,1
1260,511,442,0,0,0,5,0
970,511,321,0,0,0,3,0
1236,511,462,1,1,0,4,0
2451,511,813,3,1,1,2,1
1467,511,500,4,2,1,1,0
703,511,295,0,0,0,5,0
1543,511,537,5,2,1,0,0
914,511,324,0,0,0,5,0
1887,511,649,2,0,0,3,2
2417,511,788,0,0,0,5,0
815,511,276,0,0,0,3,0
1250,511,440,4,1,0,1,2
1290,511,446,4,0,0,0,3
2179,511,711,5,1,0,0,3
1515,511,526,4,0,1,1,1
1626,511,569,0,0,0,5,0
673,511,309,0,0,0,4,0
1214,511,430,0,0,0,5,0
1620,511,732,4,2,1,1,1
302,511,310,0,0,0,4,0
1895,511,651,0,0,0,5,0
2264,511,809,4,1,2,1,1
1576,511,545,4,0,0,1,0
1875,511,661,4,1,0,1,3
850,511,286,0,0,0,5,0
1005,511,657,1,0,0,4,1
2498,511,816,5,2,1,0,0
2057,511,675,2,1,0,1,1
2236,511,790,4,2,0,1,2
2188,511,715,5,1,1,0,1
1061,511,338,0,0,0,5,0
1049,511,335,0,0,0,5,0
577,511,710,2,1,0,3,1
2388,511,802,4,1,1,1,0
1757,511,615,5,2,1,0,1
1458,511,672,1,0,0,4,1
2355,511,759,3,0,0,0,2
2221,511,722,3,2,0,2,0
618,511,213,0,0,0,5,0
878,511,293,0,0,0,5,0
1536,511,536,2,1,0,3,0
1481,511,513,0,0,0,5,0
603,511,407,0,0,0,3,0
668,511,434,0,0,0,5,0
1828,511,664,3,2,0,2,1
502,511,402,0,0,0,4,0
1471,511,505,3,0,1,2,1
2450,511,830,5,0,0,0,5
939,511,437,5,3,1,0,1
1229,511,514,2,2,0,3,0
1196,511,423,0,0,0,3,0
1486,511,588,1,1,0,4,0
2176,511,806,5,1,0,0,3
897,511,298,0,0,0,5,0
1456,511,614,2,0,1,1,0
2098,511,692,0,0,0,5,0
625,511,204,3,1,0,5,0
1006,511,328,0,0,0,4,0
643,511,210,0,0,0,4,0
640,511,721,3,1,1,3,1
559,511,273,0,0,0,4,0
2076,511,698,3,1,0,2,1
1534,511,535,4,2,0,1,1
3669,3314,1150,5,3,1,0,0
4893,3314,1529,4,0,2,1,2
18185,3314,4118,5,2,0,0,2
7060,3314,1991,5,0,0,0,3
4896,3314,1427,0,0,0,5,0
2578,3314,4083,1,0,0,4,0
3721,3314,1103,3,1,1,2,0
577,3314,1810,4,1,2,3,1
15042,3314,3454,3,2,0,2,1
13794,3314,3256,5,2,1,0,0
15039,3314,4269,0,0,0,5,0
15386,3314,3456,2,1,0,3,1
7632,3314,2152,3,0,0,2,3
9393,3314,2570,4,3,0,1,1
2213,3314,987,4,1,0,1,2
12469,3314,3065,5,4,1,0,0
15827,3314,3511,0,0,0,5,0
3450,3314,1043,3,1,1,2,0
1361,3314,1491,2,1,1,3,0
5515,3314,1685,5,5,0,0,0
8272,3314,2270,5,1,2,0,2
4233,3314,1201,5,2,1,0,0
3586,3314,1080,3,0,1,2,0
1236,3314,1624,0,0,0,5,0
4052,3314,1249,2,0,2,3,0
3550,3314,1712,3,1,0,2,2
6098,3314,1819,4,2,1,1,1
5863,3314,1771,4,3,0,1,1
10113,3314,2735,3,1,1,2,1
6090,3314,1844,6,2,0,0,4
703,3314,1304,4,2,0,1,2
9660,3314,2629,3,2,0,2,1
5948,3314,2060,3,2,0,1,0
3542,3314,1071,4,2,0,1,1
1357,3314,2597,4,0,1,1,2
2466,3314,1463,3,0,0,3,3
1221,3314,1350,4,2,0,1,1
5781,3314,1753,4,0,1,1,2
7116,3314,2066,4,2,1,0,1
3788,3314,1112,1,1,0,4,0
6656,3314,2266,4,2,1,1,1
4612,3314,1282,5,1,1,0,2
13434,3314,3288,5,2,0,0,2
7992,3314,2234,5,0,3,0,2
10878,3314,3083,4,1,1,1,2
3595,3314,1746,2,1,0,4,1
1714,3314,1597,4,4,0,1,0
698,3314,4057,4,2,0,1,0
706,3314,1738,5,1,1,0,2
17381,3314,3887,5,5,0,0,0
4013,3314,1152,4,2,1,1,1
4270,3314,1250,5,0,1,0,3
14632,3314,3415,4,1,2,1,1
3537,3314,1068,5,3,0,0,1
644,3314,3581,4,1,1,1,2
14661,3314,4258,0,0,0,5,0
9010,3314,2683,4,0,3,1,0
4143,3314,1182,5,2,0,0,3
3810,3314,1121,5,3,0,0,1
5760,3314,1744,3,0,2,2,1
6204,3314,1842,4,3,0,0,0
12280,3314,3051,5,0,1,0,2
6452,3314,2162,4,1,2,1,1
15926,3314,3560,1,0,0,4,0
4370,3314,1309,5,1,2,0,2
6040,3314,1806,7,4,0,0,2
4185,3314,1191,4,2,0,1,0
5417,3314,1695,5,0,2,0,2
11239,3314,3368,3,2,1,2,0
5203,3314,1560,5,4,0,0,0
4747,3314,1334,3,0,0,2,2
4663,3314,1320,3,1,0,2,1
8226,3314,2263,3,1,0,2,0
10828,3314,3398,5,0,0,0,4
17314,3314,3868,5,0,0,0,3
6895,3314,1971,3,1,1,2,0
4566,3314,1271,3,2,1,2,0
509,3314,1114,3,2,1,2,0
2077,3314,1555,5,1,0,0,4
5426,3314,3095,5,3,0,0,0
5153,3314,1540,5,2,1,0,1
5004,3314,1459,6,5,0,2,0
8506,3314,2320,5,5,0,0,0
6127,3314,1851,3,0,0,2,2
4016,3314,1171,3,0,2,2,1
13221,3314,3240,5,3,2,0,0
18672,3314,4185,5,4,1,0,0
5246,3314,1589,3,2,1,3,0
4911,3314,1446,5,4,0,0,1
5228,3314,1567,4,0,4,2,0
7882,3314,2181,3,2,0,2,1
4209,3314,1199,4,1,0,1,2
8716,3314,2382,4,2,1,1,1
15857,3314,3518,5,3,0,0,0
4440,3314,4227,0,0,0,4,0
2055,3314,1386,4,1,0,1,2
19143,3314,4287,0,0,0,5,0
7964,3314,2204,3,0,1,2,2
17941,3314,4203,2,0,0,2,2
7041,3314,1988,5,0,5,0,0
17009,3314,3890,4,0,1,1,0
3215,3314,2087,2,0,1,2,1
7222,3314,2033,5,1,0,0,0
3240,3314,1408,5,4,0,1,1
7198,3314,2029,5,0,1,0,4
1341,3314,2657,4,2,0,1,1
14674,3314,3370,4,1,0,1,1
8548,3314,2324,5,4,0,0,0
2192,3314,2024,5,1,3,0,0
13441,3314,3209,5,1,2,0,1
17497,3314,3936,0,0,0,5,0
9365,3314,3280,3,2,1,2,0
5332,3314,1982,1,1,0,4,0
1740,3314,1244,0,0,0,5,0
259,3314,1217,5,1,3,0,0
807,3314,2144,3,1,0,2,1
15793,3314,3528,5,4,0,0,0
6032,3314,1804,6,3,0,0,2
7178,3314,2026,2,1,0,3,0
15643,3314,3486,5,1,0,0,4
7877,3314,2183,4,3,0,1,0
3333,3314,1361,3,1,1,2,1
14340,3314,3323,1,0,1,3,0
4635,3314,1289,3,2,0,2,1
15616,3314,3509,5,0,2,0,0
14139,3314,3287,3,1,0,2,0
4958,3314,1445,5,4,1,2,0
1828,3314,2618,5,2,1,1,2
8883,3314,2608,4,3,1,1,0
7243,3314,2042,5,5,0,0,0
4365,3314,1223,5,2,0,0,3
18413,3314,4126,5,2,0,0,2
12489,3314,3060,5,2,2,0,0
6886,3314,1969,5,3,0,0,0
9788,3314,3612,4,1,1,1,1
520,3314,1631,4,2,2,2,0
7367,3314,2077,3,1,0,1,2
1915,3314,3137,2,0,1,3,1
9782,3314,2652,5,3,1,0,1
643,3314,3929,4,3,0,1,1
5875,3314,1774,5,3,0,0,0
10659,3314,3207,4,2,0,1,1
3717,3314,1593,5,0,1,0,2
1434,3314,3953,3,1,0,2,1
16946,3314,3913,4,4,0,1,0
3408,3314,1330,0,0,0,5,0
4997,3314,1454,5,1,0,0,2
7986,3314,2335,5,2,1,0,2
6389,3314,1894,4,1,0,1,3
1151,3314,2480,2,0,2,3,0
12628,3314,3099,2,2,0,3,0
3424,3314,1033,0,0,0,5,0
708,3314,2682,5,3,0,0,0
3837,3314,1127,5,1,3,0,0
9805,3314,2660,5,4,1,0,0
12727,3314,3109,3,2,1,2,0
3826,3314,1123,3,1,0,2,2
1730,3314,1573,5,2,1,0,1
14643,3314,4247,5,0,2,0,0
14239,3314,3303,3,3,0,0,0
502,3314,1559,4,1,0,1,3
5211,3314,1800,1,0,1,5,0
2230,3314,1691,1,0,0,4,1
7271,3314,2050,2,0,2,3,0
4843,3314,1629,4,2,1,2,0
10306,3314,4236,0,0,0,5,0
4940,3314,1460,5,1,1,0,2
16901,3314,3910,5,1,1,0,1
310,3314,1464,3,1,0,2,2
840,3314,1449,4,1,0,2,3
1926,3314,2221,5,2,1,0,1
6888,3314,3366,2,0,0,3,1
606,3314,3681,5,1,0,0,0
3660,3314,1098,5,0,3,0,1
7912,3314,2186,5,2,1,0,0
18960,3314,4237,0,0,0,5,0
18585,3314,4163,3,0,0,2,1
14673,3314,3405,4,2,1,1,0
7585,3314,2401,4,0,1,1,0
9480,3314,2586,5,0,0,0,5
6217,3314,1846,6,2,1,0,1
17309,3314,3898,5,3,1,0,0
4541,3314,1506,3,0,1,2,2
3840,3314,1658,5,3,1,1,0
4443,3314,1240,4,1,1,1,2
14564,3314,3372,5,2,1,0,0
7785,3314,2170,5,0,2,0,3
661,3314,2212,5,5,0,0,0
9705,3314,2633,2,2,0,3,0
9217,3314,2814,4,1,2,2,0
17199,3314,3831,5,0,1,0,2
4368,3314,1980,1,0,1,4,0
17867,3314,3999,5,0,0,0,0
5613,3314,1705,5,2,1,0,2
3522,3314,1061,4,2,0,1,2
4076,3314,1165,3,0,0,2,2
3741,3314,1766,3,2,0,3,0
6768,3314,1951,5,0,0,0,5
4764,3314,1391,4,2,0,1,1
18040,3314,4046,4,0,0,1,0
2675,3314,2080,5,5,0,0,0
4156,3314,1187,5,3,0,0,2
1893,3314,1611,3,1,0,2,2
17658,3314,3992,5,2,0,0,0
10066,3314,2718,2,0,0,3,2
2134,3314,1275,2,0,1,3,1
16444,3314,3741,0,0,0,5,0
4356,3314,1243,5,0,1,0,0
12017,3314,3146,5,5,0,0,0
1664,3314,1565,3,0,0,2,2
963,3314,2120,5,5,0,0,0
2267,3314,1455,2,1,1,3,0
3629,3314,1091,3,2,0,2,0
3965,3314,1148,0,0,0,5,0
269,3314,3190,2,2,0,3,0
14826,3314,3387,5,0,0,0,1
17692,3314,3934,4,1,1,1,2
1599,3314,2671,3,1,1,2,1
12259,3314,3571,5,2,2,0,1
4333,3314,1323,3,1,0,2,2
11346,3314,3490,5,0,1,0,0
7750,3314,2311,4,1,0,1,1
5485,3314,3189,5,1,0,0,3
2106,3314,4022,5,5,0,0,0
12740,3314,3112,4,1,0,1,0
7152,3314,2053,3,3,0,2,0
3131,3314,2065,3,1,0,1,0
4519,3314,1261,5,2,1,0,1
4776,3314,1369,0,0,0,5,0
1350,3314,1084,3,3,0,2,0
2054,3314,1380,5,2,1,0,2
2301,3314,2247,4,4,0,1,0
15889,3314,3549,5,2,0,0,2
5408,3314,1647,4,4,0,1,0
12379,3314,4041,3,0,0,1,1
16574,3314,3691,5,2,2,0,0
1458,3314,3860,5,3,0,0,0
4939,3314,2031,2,2,0,3,0
15815,3314,3553,5,1,1,0,1
4201,3314,1197,5,4,1,0,0
10114,3314,2736,5,1,0,0,0
4320,3314,1212,5,0,0,0,3
5759,3314,1741,4,4,0,0,0
18766,3314,4318,0,0,0,5,0
14630,3314,3411,5,5,0,0,0
4800,3314,1476,5,3,1,0,1
5876,3314,1775,3,1,0,2,0
9055,3314,2573,2,1,1,3,0
18699,3314,4188,5,2,0,0,0
2490,3314,1104,3,0,0,2,3
1383,3314,2365,4,0,1,1,2
7105,3314,2003,4,2,1,1,0
2471,3314,1471,5,0,0,0,5
3165,3314,1693,2,1,1,4,0
4385,3314,1233,5,1,2,0,0
6585,3314,3832,5,3,0,0,1
1423,3314,1527,4,3,0,1,1
5815,3314,1761,2,0,1,4,1
4579,3314,1276,1,1,0,4,0
611,3314,3314,3,2,1,2,0
10000,3314,2705,4,2,1,1,0
7351,3314,2073,4,2,0,0,0
18509,3314,4136,5,1,2,0,1
669,3314,1590,4,2,0,1,1
18540,3314,4151,2,1,0,2,0
2137,3314,1049,4,1,0,1,2
8915,3314,2535,3,0,2,2,0
7513,3314,2122,4,0,0,0,0
3286,3314,1026,2,0,2,3,0
2856,3314,1984,2,1,1,3,0
7246,3314,2300,5,4,0,0,1
5212,3314,1607,3,3,0,2,0
14621,3314,3533,4,1,0,1,1
14879,3314,3391,5,1,0,0,1
5819,3314,1773,4,1,0,1,2
777,3314,1308,5,5,0,0,0
3481,3314,2253,3,2,1,2,0
5261,3314,1598,5,1,0,0,0
7332,3314,2070,3,0,1,2,2
7171,3314,2025,5,5,0,0,0
298,3314,1156,0,0,0,5,0
18191,3314,4190,4,3,0,1,0
4818,3314,1387,3,0,2,2,1
5589,3314,1983,4,2,0,1,1
4533,3314,1263,5,1,0,0,4
981,3314,2022,5,1,0,0,4
1204,3314,2502,2,2,0,3,0
14650,3314,3426,5,5,0,0,0
4994,3314,1453,5,3,0,0,0
5591,3314,2149,5,5,0,0,0
6233,3314,1855,5,1,3,0,0
14447,3314,3329,5,5,0,0,0
909,3314,1349,4,1,1,1,2
5158,3314,1541,5,3,1,1,1
15334,3314,4324,0,0,0,5,0
10929,3314,3081,4,2,0,1,2
9855,3314,2677,4,1,0,1,3
4925,3314,1519,6,5,0,2,1
775,3314,1847,2,0,1,4,0
6716,3314,2045,5,2,1,0,1
2227,3314,1054,2,0,1,3,1
13371,3314,3344,4,1,0,0,1
5544,3314,1797,2,0,1,3,0
14675,3314,3410,5,0,3,0,2
8094,3314,2229,3,1,2,2,0
4849,3314,1547,5,1,3,0,0
1907,3314,2000,5,5,0,0,0
505,3314,1549,5,5,0,0,0
18742,3314,4196,5,2,0,0,0
7641,3314,2150,2,0,2,3,0
17306,3314,3894,5,0,0,0,0
4035,3314,1157,5,2,1,0,0
4871,3314,1600,2,0,1,3,1
2129,3314,1852,1,1,0,4,0
15974,3314,3594,5,4,1,0,0
4055,3314,2665,0,0,0,5,0
7241,3314,2068,5,4,0,0,1
16930,3314,3907,0,0,0,5,0
9725,3314,2641,5,4,0,0,0
15038,3314,4026,4,0,1,1,1
5803,3314,1767,6,2,1,0,3
5383,3314,1641,5,3,1,0,0
407,3314,2271,3,2,0,2,1
3529,3314,1089,3,1,1,2,0
434,3314,1303,5,0,0,0,3
11518,3314,3094,0,0,0,5,0
14498,3314,3348,4,2,1,1,1
9305,3314,2546,4,1,0,1,2
6192,3314,1838,5,0,0,0,4
8162,3314,2241,5,5,0,0,0
1316,3314,3630,3,0,0,2,3
5793,3314,1756,3,3,0,4,0
14526,3314,3357,5,0,0,0,5
15304,3314,4028,5,3,1,0,0
9037,3314,2492,4,2,1,1,1
4332,3314,1216,3,1,0,2,1
4218,3314,1200,2,2,0,3,0
19360,3314,4349,0,0,0,5,0
5066,3314,1488,5,1,0,0,0
2139,3314,1918,4,0,0,1,0
2210,3314,1499,3,1,0,2,2
8207,3314,2261,5,1,1,0,1
4790,3314,1374,5,1,2,0,2
2133,3314,1108,3,0,0,2,3
4141,3314,1181,3,2,1,2,0
3984,3314,1260,3,2,0,2,0
1690,3314,3942,5,2,1,0,2
5695,3314,1721,4,1,1,1,2
9851,3314,2666,5,0,2,0,1
5547,3314,1689,5,2,2,0,1
18008,3314,4219,0,0,0,5,0
19270,3314,4329,0,0,0,4,0
8858,3314,2418,4,1,0,1,1
8378,3314,2286,5,2,2,0,1
4340,3314,2397,4,1,2,1,0
5420,3314,1654,4,1,1,1,2
8539,3314,2321,2,1,0,2,1
11659,3314,3483,5,4,0,0,0
4789,3314,1373,0,0,0,5,0
1321,10152,3855,3,1,1,2,0
16398,10152,3667,5,1,0,0,3
17827,10152,4039,3,1,1,2,1
17740,10152,3949,5,4,0,0,1
5398,10152,3788,0,0,0,5,0
16038,10152,3970,5,5,0,0,0
18509,10152,4235,3,1,0,2,0
15233,10152,3448,5,1,0,0,1
16328,10152,4109,5,3,0,0,0
15090,10152,4073,2,1,1,3,0
4996,10152,3882,3,0,0,2,0
9838,10152,2663,5,5,0,0,0
12760,10152,4017,4,0,0,1,0
16788,10152,3925,5,3,0,0,0
17686,10152,4116,5,5,0,0,0
16541,10152,3909,5,5,0,0,0
19076,10152,4267,0,0,0,5,0
5408,10152,3821,4,3,0,1,1
18964,10152,4239,4,1,0,1,2
18364,10152,4127,3,0,0,2,2
12002,10152,3014,5,2,2,0,1
11186,10152,2961,5,0,2,0,1
15334,10152,3468,5,2,0,0,0
10546,10152,4056,5,5,0,0,0
15461,10152,4154,5,1,1,0,0
7590,10152,2672,5,2,1,0,0
14945,10152,3399,5,1,0,0,0
3376,10152,3867,4,2,0,1,2
16133,10152,3631,5,5,0,0,0
10809,10152,2914,4,4,0,1,0
19052,10152,4263,4,1,2,1,0
17387,10152,3917,4,2,0,1,0
15253,10152,3449,5,3,2,0,0
15905,10152,3805,4,1,1,1,2
19302,10152,4335,0,0,0,5,0
6607,10152,3818,5,5,0,0,0
2589,10152,3861,4,1,2,1,0
15056,10152,3566,4,2,0,1,1
11779,10152,2991,4,2,0,1,2
17967,10152,4052,5,3,0,0,2
11650,10152,3012,5,1,0,0,4
10420,10152,2810,5,0,0,0,0
15965,10152,3584,4,0,0,1,1
577,10152,3961,1,0,0,5,1
493,10152,3988,6,5,0,0,1
15170,10152,3451,4,1,0,1,2
14541,10152,3522,5,0,0,0,5
15152,10152,3436,5,4,0,0,1
3550,10152,4252,5,2,1,0,1
18043,10152,4174,5,2,2,0,1
9432,10152,3872,2,1,0,3,0
10105,10152,3507,5,5,0,0,0
17514,10152,3897,4,2,1,1,0
11909,10152,3006,5,2,1,0,0
15446,10152,3462,5,0,1,0,1
10670,10152,2895,4,2,0,1,1
18244,10152,4125,5,3,0,0,2
15558,10152,3494,2,0,0,3,1
17072,10152,3774,5,0,1,0,0
18488,10152,4208,0,0,0,5,0
12490,10152,4016,4,4,0,0,0
18468,10152,4141,5,5,0,0,0
6074,10152,3827,4,1,0,1,2
11160,10152,3021,5,1,2,0,0
13812,10152,3928,5,5,0,0,0
10907,10152,2917,3,2,1,2,0
10271,10152,2778,5,2,3,0,0
10815,10152,2973,4,0,0,1,4
16228,10152,3643,5,5,0,0,0
10323,10152,2785,5,4,0,0,1
16097,10152,3973,3,1,0,2,1
3326,10152,4254,0,0,0,5,0
11279,10152,2953,4,2,1,1,1
17226,10152,3810,4,1,0,1,2
10296,10152,2783,5,3,1,0,0
10906,10152,2906,4,0,4,1,0
16091,10152,3971,4,2,0,1,1
12642,10152,3587,4,1,0,1,1
18575,10152,4170,0,0,0,5,0
17185,10152,3791,5,1,1,0,1
15290,10152,3654,1,0,0,4,1
17833,10152,3986,3,0,1,2,0
10659,10152,2859,4,2,2,1,0
18666,10152,4211,4,2,0,1,1
2468,10152,3766,4,3,1,1,0
15379,10152,4033,5,0,0,0,1
19422,10152,4364,0,0,0,5,0
10605,10152,2896,4,2,1,1,0
12263,10152,3031,4,2,0,1,2
17221,10152,3935,5,0,0,0,4
5554,10152,2679,5,0,0,0,5
4629,10152,2921,4,1,0,1,2
12404,10152,3053,5,4,0,0,1
18334,10152,4250,4,0,0,1,0
18628,10152,4197,0,0,0,5,0
18139,10152,4080,4,1,2,1,1
9291,10152,2935,4,4,0,0,0
17511,10152,4178,5,3,0,0,2
4107,10152,3732,4,0,0,1,0
15227,10152,3459,5,1,0,0,2
17556,10152,3908,3,0,0,2,3
15499,10152,4187,4,0,0,1,4
12448,10152,3597,2,0,1,3,1
11272,10152,4001,5,5,0,0,0
7290,10152,4180,5,3,0,0,2
11910,10152,3004,5,5,0,0,0
11379,10152,2992,3,1,0,2,2
16150,10152,3974,5,4,0,0,1
18232,10152,4096,4,2,0,1,1
1236,10152,4137,2,1,0,3,0
10878,10152,2904,4,1,1,1,1
12140,10152,3022,5,2,2,0,1
10656,10152,2862,4,1,2,1,1
10909,10152,2956,4,0,1,1,3
15421,10152,3479,5,3,0,0,1
12505,10152,4047,5,0,1,0,0
12796,10152,3760,4,2,0,1,2
17741,10152,4099,4,1,2,1,0
16912,10152,3748,3,3,0,2,0
17513,10152,4061,4,4,0,1,0
15684,10152,3493,2,1,1,3,0
11217,10152,3003,4,3,1,1,0
19226,10152,4317,0,0,0,5,0
4380,10152,4162,5,0,0,0,0
17714,10152,3941,5,3,0,0,1
15895,10152,3776,4,0,0,1,2
1853,10152,4014,4,0,3,1,0
16551,10152,3874,4,1,1,1,0
16981,10152,3812,2,2,0,3,0
7728,10152,2881,1,0,0,4,1
15118,10152,3427,5,1,0,0,3
7624,10152,3843,4,1,0,1,3
15788,10152,3515,2,0,0,3,1
6608,10152,2719,4,0,0,1,2
10634,10152,2861,2,1,1,1,0
7664,10152,3604,5,2,0,0,2
19151,10152,4295,0,0,0,5,0
1321,337,455,0,0,0,5,0
1080,337,346,0,0,0,5,0
883,337,294,0,0,0,5,0
1423,337,487,0,0,0,5,0
1599,337,560,2,1,0,3,0
985,337,488,3,1,1,2,1
1112,337,354,0,0,0,4,0
894,337,303,0,0,0,5,0
2770,337,887,4,1,0,1,2
1387,337,474,3,1,1,2,1
1751,337,613,0,0,0,5,0
504,337,243,0,0,0,8,0
2239,337,805,2,1,0,3,1
1985,337,984,0,0,0,5,0
247,337,729,4,2,1,1,1
1286,337,538,5,1,3,0,1
2497,337,814,5,4,0,0,0
298,337,737,0,0,0,5,0
2356,337,760,4,2,1,1,0
1577,337,544,4,2,0,1,1
717,337,238,0,0,0,8,0
2252,337,733,5,2,0,0,2
1491,337,519,0,0,0,5,0
771,337,290,0,0,0,5,0
1123,337,358,0,0,0,5,0
3040,337,969,0,0,0,5,0
2353,337,769,0,0,0,5,0
808,337,431,4,3,0,1,1
2121,337,699,0,0,0,5,0
2546,337,843,0,0,0,5,0
2172,337,857,3,1,1,2,1
1779,337,774,2,1,1,3,0
577,337,278,0,0,0,4,0
627,337,206,0,0,0,4,0
3274,337,982,5,2,1,0,2
3327,337,1006,2,2,0,1,0
1828,337,992,4,2,0,1,2
1323,337,456,4,3,0,1,1
1479,337,532,5,4,1,0,0
2329,337,903,5,4,0,0,0
1891,337,697,0,0,0,3,0
1398,337,476,5,1,0,0,2
2266,337,758,3,1,1,2,0
3135,337,957,0,0,0,5,0
1730,337,611,0,0,0,5,0
877,337,315,0,0,0,4,0
938,337,311,0,0,0,4,0
2365,337,765,4,3,0,1,1
1578,337,873,1,1,0,4,0
1264,337,443,0,0,0,5,0
1132,337,421,0,0,0,4,0
2374,337,770,5,1,0,0,4
554,337,227,0,0,0,5,0
2235,337,726,3,3,0,2,0
1085,337,347,0,0,0,4,0
1691,337,838,4,3,0,1,1
1480,337,512,5,1,2,0,2
900,337,299,0,0,0,5,0
1602,337,610,1,0,0,4,1
1700,337,600,5,2,2,0,1
807,337,270,0,0,0,5,0
1962,337,950,2,0,0,3,2
269,337,252,0,0,0,4,0
2721,337,885,5,1,2,0,1
2330,337,753,2,1,0,1,1
2846,337,899,0,0,0,5,0
1645,337,576,4,1,2,1,1
813,337,291,0,0,0,8,0
1182,337,417,0,0,0,5,0
2589,337,901,2,1,1,3,0
2494,337,820,3,0,2,2,1
912,337,492,2,1,1,3,0
708,337,231,0,0,0,4,0
635,337,208,0,0,0,2,0
2347,337,755,5,1,1,0,2
1236,337,1031,2,1,0,3,1
1694,337,594,5,2,1,0,2
1122,337,355,0,0,0,5,0
2459,337,831,5,0,1,0,1
1070,337,343,0,0,0,5,0
3140,337,960,0,0,0,5,0
2453,337,798,0,0,0,5,0
789,337,265,0,0,0,5,0
2084,337,687,0,0,0,5,0
1395,337,475,2,1,0,3,1
2236,337,972,3,1,0,2,2
740,337,398,0,0,0,5,0
3408,337,1025,4,0,1,1,2
1657,337,578,2,1,0,3,1
1175,337,416,0,0,0,5,0
846,337,284,0,0,0,4,0
3371,337,1018,5,4,1,0,0
1559,337,541,3,3,0,2,0
1341,337,504,4,0,1,1,2
673,337,222,0,0,0,5,0
2293,337,745,4,1,1,1,2
1018,337,426,4,2,0,1,1
310,337,842,0,0,0,5,0
936,337,336,0,0,0,5,0
1454,337,510,3,1,0,2,2
1256,337,441,5,4,1,0,0
3305,337,995,4,2,0,1,0
2658,337,876,5,2,1,0,2
1208,337,428,4,2,2,1,0
576,337,306,0,0,0,5,0
2290,337,773,5,1,2,0,1
891,337,631,3,1,0,2,2
2549,337,850,0,0,0,5,0
1721,337,602,5,0,0,0,5
1386,337,511,2,1,0,3,1
809,337,271,0,0,0,4,0
2503,337,821,5,3,0,0,1
2872,337,910,0,0,0,5,0
1646,337,577,2,0,2,3,0
1350,337,858,2,1,1,3,0
1155,337,396,0,0,0,4,0
1361,337,464,3,1,1,2,1
1184,337,419,0,0,0,5,0
2069,337,681,3,1,1,0,0
2464,337,803,2,1,0,3,1
1314,337,459,5,2,3,0,0
607,337,546,0,0,0,5,0
1221,337,432,4,2,0,1,2
2430,337,796,4,3,0,1,0
3375,337,1019,5,1,1,0,0
404,337,587,3,2,0,2,1
2278,337,750,1,0,0,4,1
1337,337,460,4,1,0,1,2
1923,337,716,1,0,0,4,1
677,337,225,0,0,0,5,0
1377,337,471,5,1,0,0,3
2499,337,815,5,2,2,0,0
3212,337,971,0,0,0,5,0
747,337,274,0,0,0,5,0
668,337,221,0,0,0,5,0
3072,337,940,3,2,1,2,0
3114,337,951,5,5,0,0,0
1573,337,542,2,1,0,3,1
2606,337,862,4,2,1,1,0
1327,337,457,0,0,0,4,0
1224,337,436,5,2,1,0,0
2528,337,833,2,1,1,3,0
4098,4128,1174,4,4,0,1,0
1204,12379,3160,4,0,1,1,0
18294,12379,4104,5,3,0,0,0
627,12379,3299,5,1,1,0,1
19157,12379,4297,0,0,0,3,0
16115,12379,3972,6,2,0,0,4
5040,12379,3291,4,1,0,1,3
16246,12379,3647,0,0,0,5,0
17731,12379,3947,5,2,0,0,0
13682,12379,3255,3,2,0,2,1
16957,12379,3750,4,2,0,1,2
1049,12379,3289,4,1,0,1,0
13027,12379,3495,2,1,0,3,1
17686,12379,3933,4,1,0,1,0
17197,12379,3795,5,3,0,0,2
17897,12379,4027,5,1,1,0,2
7579,12379,3790,5,0,0,0,0
15290,12379,3833,0,0,0,5,0
19387,12379,4355,2,1,0,1,0
5695,12379,3878,4,1,0,1,0
15175,12379,3433,5,0,2,0,0
17280,12379,3852,5,2,0,0,2
577,12379,3779,4,1,0,1,0
12884,12379,3131,5,2,2,0,0
16119,12379,3649,5,2,2,0,1
19385,12379,4353,1,1,0,2,0
19203,12379,4314,3,0,0,0,1
18897,12379,4232,0,0,0,5,0
18136,12379,4079,2,0,0,3,1
3717,12379,3265,2,1,1,3,0
14143,12379,3401,4,0,0,1,1
18571,12379,4165,5,4,0,0,1
17307,12379,3937,5,0,0,0,0
13965,12379,3310,3,1,1,2,1
15117,12379,4034,5,2,0,0,0
17486,12379,3885,5,2,0,0,0
13228,12379,3180,4,2,0,1,1
15344,12379,3470,5,5,0,0,0
19159,12379,4299,2,2,0,1,0
17328,12379,3854,5,2,3,0,0
3326,12379,4097,3,0,0,2,2
13854,12379,3267,3,0,0,2,3
352,12379,3728,3,1,0,2,2
19389,12379,4356,0,0,0,4,0
12476,12379,3352,5,0,0,0,0
6188,12379,4115,5,1,0,0,4
10815,12379,3350,5,4,0,0,1
13999,12379,3272,5,2,0,0,3
12850,12379,3948,5,2,1,0,1
12611,12379,3869,5,1,0,0,1
16268,12379,3814,5,0,1,0,3
18766,12379,4213,6,1,0,0,3
10066,12379,4119,5,3,0,0,1
19114,12379,4278,3,3,0,1,0
6585,12379,4035,4,0,0,1,4
12141,12379,3175,4,1,3,1,0
16311,12379,3658,2,2,0,3,0
19186,12379,4306,3,1,0,0,2
15289,12379,4002,4,2,0,1,2
19291,12379,4334,2,0,2,1,0
19202,12379,4313,2,0,0,1,1
12760,12379,3119,3,1,1,2,0
19156,12379,4296,2,1,0,1,1
11658,12379,4274,1,1,0,3,0
16755,12379,3782,4,0,1,1,0
18530,12379,4152,3,1,0,2,1
11279,12379,3219,4,1,1,1,2
2218,12379,3395,4,1,1,1,1
17685,12379,3932,5,4,0,0,1
16551,12379,3690,4,0,0,1,1
14952,12379,3404,5,5,0,0,0
11108,12379,3309,5,4,0,0,1
17574,12379,3920,5,0,0,0,0
17617,12379,3924,5,2,0,0,3
19322,12379,4352,2,1,0,1,0
4215,12379,3474,5,2,2,0,0
17690,12379,3939,0,0,0,5,0
19206,12379,4336,2,1,0,1,0
14115,12379,3282,6,4,0,0,2
1602,12379,3740,2,0,1,3,1
16713,12379,4167,4,2,0,0,1
9788,12379,3844,4,0,0,1,3
7664,12379,3983,5,0,2,0,2
17836,12379,3991,4,2,0,1,0
1361,12379,3035,1,0,1,5,0
19192,12379,4307,2,1,0,1,1
19105,12379,4272,3,3,0,0,0
14814,12379,3955,5,1,0,0,2
15307,12379,3457,0,0,0,5,0
10656,12379,3079,4,1,2,1,1
16668,12379,3926,5,3,0,1,0
8754,12379,3784,5,1,1,0,2
11162,12379,3504,5,4,0,0,0
5408,12379,3998,5,5,0,0,0
19106,12379,4273,3,0,0,0,0
10194,12379,3763,4,0,2,1,0
19204,12379,4315,2,1,0,1,1
19289,12379,4332,1,0,1,2,0
15062,12379,3778,5,0,0,0,1
3376,12379,3187,5,5,0,0,0
19109,12379,4277,3,1,0,0,2
3227,12379,3607,2,0,0,3,0
3338,12379,3373,3,2,0,2,0
7728,12379,3074,2,1,0,3,1
14582,12379,3409,4,0,0,1,2
10827,12379,3152,3,1,0,2,0
15606,12379,4012,2,0,2,3,0
580,12379,3392,5,4,0,0,0
17920,12379,4029,0,0,0,5,0
14859,12379,3389,4,1,1,0,1
18139,12379,4240,3,1,0,2,1
5891,12379,3900,5,5,0,0,0
18065,12379,4058,4,0,0,1,4
14779,12379,3976,5,1,0,0,3
15090,12379,3428,5,4,0,0,0
16044,12379,3785,4,0,1,1,1
19165,12379,4303,2,0,0,1,1
15547,12379,4133,4,1,0,1,1
15039,12379,3539,2,0,0,3,2
18893,12379,4228,4,1,0,1,2
19158,12379,4298,3,0,1,1,0
19107,12379,4276,3,0,0,0,1
16695,12379,3902,4,0,0,1,3
4347,12379,4207,3,1,0,2,2
2230,12379,4181,2,1,1,2,0
18649,12379,4177,5,2,1,0,2
17714,12379,4132,0,0,0,5,0
9821,12379,3148,5,1,1,0,2
10659,12379,3384,4,2,0,1,1
959,12379,3330,2,0,0,3,2
16011,12379,3606,5,5,0,0,0
15982,12379,3601,5,0,0,0,5
11021,12379,3828,1,0,1,4,0
16359,12379,3663,4,1,1,1,2
3185,12379,4156,3,1,0,2,2
13649,12379,3239,5,1,1,0,1
10306,12379,4060,4,0,0,1,3
14729,12379,3378,4,1,0,1,2
10670,12379,3165,5,2,0,0,3
19519,12379,4369,2,1,1,1,0
12836,12379,3123,5,0,0,0,4
12796,12379,3133,5,3,1,0,1
18212,12379,4090,4,0,1,1,2
19163,12379,4302,1,1,0,2,0
17382,12379,3980,5,1,0,0,3
16844,12379,3793,5,2,1,0,0
9422,12379,3839,4,2,0,1,1
328,12379,3967,4,2,1,1,1
2294,12379,3657,5,3,0,0,0
19194,12379,4308,2,0,0,1,0
11470,12379,2968,5,5,0,0,0
14886,12379,3959,5,0,0,0,5
1957,12379,3646,5,1,0,0,3
4727,12379,3266,2,2,0,3,0
7624,12379,3188,4,2,1,1,1
15649,12379,3558,4,1,1,1,0
11920,12379,3205,5,0,1,0,1
5485,12379,3076,4,4,0,1,0
14605,12379,4091,3,2,0,1,0
7145,8985,2477,3,1,2,2,0
9276,8985,2539,3,3,0,2,0
8947,8985,2452,5,1,3,0,0
4958,8985,2589,3,2,0,2,1
9294,8985,2544,3,1,0,2,2
8912,8985,2442,5,5,0,0,0
8883,8985,2441,5,2,1,0,0
8595,8985,2515,3,1,1,2,0
9217,8985,2518,4,1,3,1,0
9317,8985,2551,5,0,2,0,3
12853,8985,3605,4,3,0,1,1
4131,338,1179,2,1,0,3,1
1928,338,856,4,1,0,1,1
577,338,979,1,0,0,4,0
1206,338,427,3,0,0,2,2
3176,338,964,2,0,0,3,2
4354,338,1220,5,0,0,0,0
2835,338,898,5,2,2,0,0
4892,338,1424,6,3,0,0,0
4237,338,1202,4,3,1,1,0
5080,338,1503,5,1,1,1,3
3649,338,1096,5,2,1,0,1
1069,338,342,0,0,0,4,0
2468,338,849,3,2,0,2,1
1646,338,666,0,0,0,5,0
1691,338,1213,4,2,2,1,0
2365,338,1055,5,1,2,0,2
3337,338,1013,5,0,2,0,1
1998,338,763,5,1,3,0,0
2062,338,676,4,2,0,1,1
5040,338,1469,3,3,0,2,0
4310,338,1262,5,1,2,0,0
374,338,412,1,0,0,4,1
1868,338,963,3,1,0,2,2
1832,338,636,0,0,0,5,0
3544,338,1072,5,3,0,0,1
928,338,693,5,3,0,0,2
2543,338,847,3,3,0,2,0
555,338,599,3,0,0,1,3
2362,338,766,3,0,1,2,2
4843,338,1385,4,1,2,1,0
2176,338,853,4,1,0,1,2
3853,338,1132,5,2,1,0,2
356,338,1050,5,0,0,0,5
2726,338,884,5,1,1,0,2
2157,338,1219,5,5,0,0,0
358,338,1295,0,0,0,8,0
2554,338,851,5,4,0,0,1
1974,338,662,5,1,2,0,0
1841,338,638,0,0,0,5,0
4112,338,1175,5,1,0,0,2
1147,338,835,3,1,2,0,0
3202,338,970,0,0,0,5,0
2032,338,668,0,0,0,5,0
4504,338,1283,4,2,2,1,0
3053,338,1266,3,1,1,2,1
4500,338,1392,5,5,0,0,0
4148,338,1183,5,1,0,0,0
2598,338,912,2,1,0,3,1
3622,338,1095,2,1,1,3,0
3581,338,1082,4,2,2,1,0
853,338,287,0,0,0,4,0
1766,338,1325,5,1,2,0,1
2378,338,772,0,0,0,5,0
1210,338,811,5,0,1,0,4
4205,338,1507,2,1,0,3,1
1468,338,501,0,0,0,5,0
2210,338,932,4,2,1,1,1
2259,338,735,0,0,0,5,0
3377,338,1020,2,0,0,3,1
1884,338,648,5,2,0,0,2
661,338,782,0,0,0,3,0
3832,338,1126,2,1,1,3,0
2868,338,905,5,4,0,0,0
808,338,616,4,1,0,1,2
3381,338,1022,5,3,0,0,1
4323,338,1214,3,2,1,2,0
2208,338,730,5,2,0,0,2
3741,338,1106,5,2,1,0,0
2675,338,879,4,3,0,1,1
2510,338,824,3,1,0,2,2
2651,338,874,5,4,0,0,1
2384,338,775,2,0,1,3,1
854,338,288,0,0,0,8,0
3726,338,1505,2,1,1,3,0
4082,338,1440,0,0,0,5,0
2047,338,780,0,0,0,5,0
2331,338,754,3,1,0,2,2
2441,338,792,5,3,0,0,0
4791,338,1375,5,0,0,0,5
3182,338,965,5,1,0,0,1
622,338,497,4,0,2,1,1
4347,338,1305,1,1,0,4,0
2801,338,911,4,1,0,1,1
4092,338,1170,5,2,1,0,1
1162,338,405,0,0,0,5,0
3558,338,1079,3,0,0,2,3
500,338,1311,1,1,0,4,0
1005,338,1294,5,2,1,0,2
2424,338,839,5,2,0,0,1
2146,338,779,4,2,1,1,1
2501,338,819,0,0,0,5,0
1066,338,424,0,0,0,5,0
643,338,1159,0,0,0,3,0
669,338,235,0,0,0,5,0
1243,338,439,4,0,0,1,4
2994,338,943,2,1,0,3,1
1091,338,350,0,0,0,3,0
1779,338,1092,3,1,0,2,0
1316,338,837,2,0,0,3,1
2733,338,988,4,0,0,1,2
5071,338,1490,3,3,0,2,0
2458,338,800,5,5,0,0,0
365,338,1312,4,0,1,1,3
2077,338,685,0,0,0,5,0
3481,338,1076,3,1,0,2,2
3326,338,1005,3,0,0,2,3
1750,338,612,5,1,1,0,1
3064,338,936,3,3,0,2,0
2438,338,795,5,2,1,0,0
4538,338,1265,5,2,0,0,2
4934,338,1444,3,1,0,3,1
1708,338,986,5,2,2,0,1
2230,338,810,1,0,0,4,1
1957,338,660,4,1,0,1,2
1157,338,1039,0,0,0,5,0
1950,338,801,2,0,0,3,2
1639,338,708,1,1,0,4,0
4211,338,1259,1,0,0,4,1
4763,338,1362,5,1,2,0,0
4045,338,1160,5,1,1,0,0
2291,338,789,5,2,1,0,2
4159,338,1293,2,1,1,3,0
1953,338,659,5,2,1,0,2
2662,338,883,3,0,1,2,2
3951,338,1141,0,0,0,5,0
2731,338,886,3,2,0,2,1
2095,338,691,4,2,1,1,0
2873,338,913,5,3,0,0,2
308,338,451,0,0,0,5,0
931,338,307,0,0,0,4,0
3302,338,993,0,0,0,5,0
4010,338,1151,5,1,1,0,0
3022,338,930,2,2,0,3,0
3129,338,953,4,0,0,1,4
1128,338,397,0,0,0,5,0
740,338,1186,3,2,0,2,1
4017,338,1153,5,0,1,0,1
1933,338,828,0,0,0,5,0
1303,338,449,0,0,0,5,0
2050,338,674,0,0,0,3,0
2226,338,724,3,2,0,2,1
2528,338,1329,4,2,1,1,1
1479,338,1196,5,5,0,0,0
4081,338,1166,0,0,0,5,0
1923,338,655,5,2,1,0,2
1846,338,641,5,1,0,0,4
1343,338,461,2,1,1,3,0
678,338,224,0,0,0,5,0
4808,338,1376,2,0,0,3,2
3624,338,1090,0,0,0,5,0
1339,338,477,0,0,0,5,0
2427,338,797,3,0,0,2,1
2571,338,923,5,2,0,0,0
2972,338,928,4,0,1,1,3
4024,338,1206,4,3,0,1,0
5061,338,1478,5,2,0,0,2
1160,338,650,5,1,0,0,4
1007,338,329,0,0,0,6,0
1125,338,400,0,0,0,4,0
4553,338,1321,4,1,1,1,1
3785,338,1111,3,1,0,2,2
1881,338,647,3,1,0,2,1
553,338,784,3,1,2,2,0
900,338,656,3,1,1,2,1
2629,338,877,5,3,2,0,0
2132,338,705,5,1,0,0,3
1392,338,808,4,1,1,1,2
4181,338,1190,5,0,2,0,0
1850,338,829,4,2,0,1,1
2729,338,897,0,0,0,5,0
2738,338,895,0,0,0,5,0
673,338,935,2,0,1,3,0
2650,338,872,2,0,0,3,2
2509,338,823,2,0,2,3,0
2511,338,826,0,0,0,3,0
1385,338,473,2,1,1,3,0
2678,338,1093,1,0,0,4,1
800,338,268,0,0,0,5,0
2370,338,767,2,0,0,3,2
1636,338,595,5,5,0,0,0
3833,338,1125,4,1,1,1,1
3363,338,1016,5,1,0,0,3
3842,338,1128,5,1,2,0,1
373,338,1230,3,2,0,2,1
1383,338,543,3,0,0,2,3
3800,338,1118,5,0,2,0,2
933,338,938,5,4,1,0,0
2035,338,771,0,0,0,5,0
3854,338,1133,5,3,1,0,0
2834,338,900,5,4,1,0,0
2105,338,695,0,0,0,3,0
2431,338,791,5,2,0,0,1
2963,338,927,5,3,0,0,2
16382,16034,3669,5,1,1,0,0
16736,16034,4210,2,0,0,3,1
14899,16034,3978,2,1,0,3,0
17679,16034,3927,4,3,0,1,0
18749,16034,4199,4,0,2,1,2
17305,16034,3899,5,2,0,0,2
356,16034,3574,3,0,0,2,1
18515,16034,4138,5,4,0,0,1
1690,16034,4101,5,2,0,0,2
17389,16034,3876,2,0,0,3,1
256,16034,3921,5,3,0,0,2
18739,16034,4194,5,0,0,0,0
5305,16034,3616,5,3,1,0,1
17841,16034,3990,4,3,0,1,0
16328,16034,3856,4,0,0,1,1
16234,16034,3644,4,3,0,1,1
5327,16034,3865,4,0,0,1,3
16474,16034,3674,5,0,2,0,0
17732,16034,3944,1,1,0,4,0
18040,16034,4155,5,1,0,0,2
17674,16034,3938,5,3,0,0,2
12760,16034,4320,0,0,0,5,0
16222,16034,3642,5,2,0,0,3
17821,16034,4032,5,1,0,0,0
6858,16034,3735,5,2,0,0,0
10055,16034,3956,5,1,0,0,4
19097,16034,4288,0,0,0,5,0
17556,16034,4069,4,3,0,1,1
17806,16034,4108,5,1,0,0,1
5508,16034,3772,4,0,0,1,1
18505,16034,4142,5,1,0,0,3
16799,16034,3729,4,2,0,1,1
15170,16034,3871,5,2,0,0,0
10896,16034,4019,4,2,0,0,0
17061,16034,3797,5,4,1,0,0
17513,16034,3896,3,2,1,2,0
17767,16034,3968,5,1,0,0,0
18006,16034,4159,5,2,0,0,3
18008,16034,4044,5,4,0,0,0
2560,16034,4128,5,2,0,0,1
15444,16034,3915,5,1,0,0,2
18002,16034,4043,5,2,0,0,0
17193,16034,3830,5,1,0,0,1
9558,16034,3840,5,3,1,0,1
2511,16034,3720,3,2,0,0,1
15844,16034,3652,1,0,0,4,1
17801,16034,3975,3,2,1,1,0
19051,16034,4264,0,0,0,5,0
11988,16034,3633,5,0,0,0,5
5709,16034,3866,5,5,0,0,0
2967,16034,4286,0,0,0,5,0
3981,16034,3834,3,0,1,1,1
17125,16034,3826,5,5,0,0,0
1475,16034,4176,2,0,0,3,1
17088,16034,3800,5,0,0,0,3
15253,16034,3699,5,5,0,0,0
12872,16034,3725,5,0,1,0,0
16276,16034,3886,5,3,0,0,1
12146,16034,3655,2,0,0,3,2
15380,16034,3789,3,0,0,2,2
16324,16034,3660,5,2,0,0,1
2598,16034,3850,5,2,0,0,2
16261,16034,3829,5,0,0,0,0
17330,16034,3849,3,2,0,2,1
18662,16034,4216,5,0,1,0,0
17748,16034,3954,5,2,2,0,0
18939,16034,4234,0,0,0,5,0
4808,16034,3670,0,0,0,5,0
17935,16034,4015,5,0,0,0,3
8595,16034,3176,5,5,0,0,0
18163,16034,4082,3,1,0,2,1
16847,16034,3738,4,0,1,1,2
18145,16034,4081,3,0,0,2,3
622,16034,3665,5,3,1,0,0
6280,16034,3672,4,2,0,1,1
19115,16034,4280,0,0,0,5,0
18679,16034,4217,0,0,0,5,0
16038,16034,4120,0,0,0,5,0
17391,10151,3962,3,2,0,2,1
4541,10151,2938,3,1,0,2,2
9648,10151,2649,5,5,0,0,0
3376,10151,3063,4,3,0,1,1
17626,10151,3931,4,3,0,1,0
16263,10151,3813,5,3,0,0,2
15812,10151,3510,5,0,0,0,3
11259,10151,2952,3,1,2,2,0
19260,10151,4325,0,0,0,5,0
5218,10151,2865,4,1,0,1,3
15284,10151,3440,0,0,0,5,0
15917,10151,3602,4,0,0,1,4
11938,10151,3005,5,0,0,0,0
10632,10151,3717,5,3,1,0,0
13376,10151,3811,5,2,0,1,2
16202,10151,3816,5,5,0,0,0
10764,10151,2872,5,1,1,0,2
14607,10151,3394,5,3,1,0,1
10055,10151,2717,5,0,1,0,4
11735,10151,3569,4,0,1,1,3
18052,10151,4055,2,1,0,3,0
15096,10151,3417,0,0,0,5,0
10236,10151,2771,3,3,0,2,0
12379,10151,4231,3,0,0,1,1
2775,10151,3286,5,1,4,0,0
17806,10151,3969,5,1,0,0,1
16640,10151,3722,3,0,0,2,2
12109,10151,3018,3,3,0,2,0
13631,10151,3238,3,1,1,2,0
6716,10151,3820,5,5,0,0,0
6082,10151,3134,4,3,1,1,0
10076,10151,2721,5,4,1,0,0
8595,10151,2757,2,1,0,3,0
5103,10151,3753,4,0,0,1,3
16345,10151,3662,3,2,0,2,1
10144,10151,2747,2,0,0,3,2
8094,10151,2911,4,4,0,0,0
11736,10151,2997,3,3,0,1,0
18524,10151,4157,5,2,0,0,2
12405,10151,3221,5,1,0,0,2
16486,10151,3756,5,4,0,0,1
12611,10151,3169,5,2,1,0,2
4083,10151,3911,5,4,0,0,0
11438,10151,2967,5,1,2,0,2
15152,10151,3542,5,5,0,0,0
16613,10151,3701,4,1,0,1,1
15171,10151,3452,5,5,0,0,0
6202,10151,2985,4,1,2,1,1
16836,10151,3794,5,1,2,0,1
15502,10151,3505,5,1,1,0,0
15460,10151,3464,5,1,0,0,1
493,10151,3835,5,2,0,0,1
11643,10151,3015,4,1,0,1,0
10031,10151,3250,3,0,1,2,0
13712,10151,3244,4,1,1,1,0
14828,10151,3388,2,1,1,3,0
18131,10151,4078,4,1,0,1,3
17317,10151,3859,1,1,0,4,0
12972,10151,3419,5,1,0,0,1
8703,10151,2978,4,1,2,1,1
15873,10151,3530,5,2,0,0,0
11348,10151,2960,0,0,0,5,0
12760,10151,3328,4,4,0,0,0
9643,10151,2811,3,1,2,2,0
10013,10151,2769,5,2,1,0,1
11970,10151,3044,5,2,2,0,0
5485,10151,2947,3,2,0,2,1
13770,10151,3253,3,1,1,2,0
18497,10151,4134,3,1,1,2,0
17537,10151,3904,3,0,0,1,0
17835,10151,3987,1,0,0,4,1
9640,10151,2626,4,1,1,1,2
14539,10151,3379,1,0,0,4,0
17073,10151,3775,3,2,0,2,0
10780,10151,2976,3,0,0,1,3
11849,10151,2993,5,5,0,0,0
11021,10151,3195,3,0,0,2,0
3972,10151,4220,3,1,0,2,2
11741,10151,3570,5,0,1,0,3
16091,10151,4106,2,0,2,3,0
10896,10151,3693,3,2,1,2,0
18516,10151,4158,5,5,0,0,0
640,10151,3186,5,5,0,0,0
2188,10151,3208,5,0,0,0,1
12490,10151,3061,4,2,2,1,0
19284,10151,4331,0,0,0,5,0
16611,10151,3759,5,1,0,0,4
10746,10151,2884,5,0,2,0,2
12907,10151,3139,3,0,2,2,1
9554,10151,2617,4,2,0,1,0
10930,10151,2915,5,0,3,0,2
13132,10151,3153,2,1,1,2,0
11554,10151,4049,5,1,0,0,0
15321,10151,3453,5,5,0,0,0
12353,10151,3047,3,2,1,2,0
13821,10151,3258,5,4,1,0,0
14600,10151,3414,3,2,1,2,0
16422,10151,3892,5,3,1,0,1
15877,10151,3532,5,5,0,0,0
13884,10151,3596,4,0,1,1,0
16758,10151,3783,5,0,0,0,4
11065,10151,2934,4,4,0,0,0
18191,10151,4087,5,2,0,0,3
10194,10151,3675,5,1,3,0,1
17432,10151,3979,5,2,0,0,0
1663,10151,4268,4,2,0,1,0
12308,10151,3385,3,1,0,2,0
14715,10151,3406,4,1,0,1,3
12286,10151,3030,4,0,1,0,3
14251,10151,3305,2,0,0,3,1
13467,10151,3215,5,1,3,0,1
10822,10151,3742,5,3,0,0,2
11713,10151,2984,4,2,0,1,1
17316,10151,3858,5,3,0,0,1
17148,10151,3780,4,4,0,0,0
15547,10151,3473,4,3,0,1,0
18759,10151,4205,0,0,0,5,0
13850,10151,3529,3,0,1,2,0
15439,10151,3460,5,0,1,0,0
4131,10151,3543,3,1,1,2,1
8575,10151,4173,2,0,2,3,0
10877,10151,2905,4,2,1,1,0
15640,10151,3559,5,2,0,0,1
14317,10151,3342,5,3,1,0,0
2239,10151,3149,3,2,0,2,1
12385,10151,3050,3,1,1,2,0
2967,10151,3320,5,3,0,0,0
13188,10151,3156,5,2,0,0,1
17902,10151,4008,2,0,0,3,1
11902,10151,3000,4,2,1,1,1
10249,10151,2773,5,0,4,0,0
14394,10151,3324,5,4,0,0,0
18545,10151,4183,5,1,0,0,2
12484,10151,3059,5,1,2,0,1
2119,10151,2885,5,5,0,0,0
10644,10151,2856,4,0,2,1,1
8174,10151,2983,4,1,0,1,2
9995,10151,2897,2,0,0,3,2
17657,10151,4007,5,0,0,0,0
10640,10151,3019,3,1,0,2,1
12947,10151,3880,4,0,0,1,4
1853,10151,3930,4,0,2,1,0
12872,10151,3563,5,2,0,0,0
7229,10151,3842,5,0,0,0,4
14557,10151,3359,3,0,0,2,1
15400,10151,3519,4,1,1,1,0
18186,10151,4085,5,4,0,0,1
10628,10151,2846,3,1,0,2,2
14448,10151,3664,4,1,0,1,2
16975,10151,4200,3,2,0,2,0
12130,10151,3037,5,0,1,0,0
12121,10151,3020,5,1,0,0,1
12603,10151,3170,3,3,0,2,0
15811,10151,3982,4,2,0,1,2
5861,10151,2971,2,0,0,3,2
14705,10151,3781,0,0,0,5,0
11599,10151,2975,5,2,1,0,0
10273,10151,2779,5,3,0,0,0
11131,10151,3634,5,1,0,0,2
15978,10151,3777,5,5,0,0,0
19030,10151,4259,5,2,1,0,2
12893,10151,3141,3,2,1,2,0
2641,10151,2883,4,3,0,1,1
14085,10151,3281,4,3,0,1,1
14565,10151,3503,5,3,0,0,0
18125,10151,4076,5,1,1,0,0
15831,10151,3512,4,3,0,1,0
17653,10151,3923,5,0,0,0,5
10223,10151,2768,5,2,2,0,0
7632,10151,2996,4,0,1,1,2
10870,10151,2907,4,1,2,1,0
17861,10151,4215,5,2,0,0,2
11558,17930,4013,5,3,0,0,0
9768,17930,4037,5,4,0,0,0
16254,17930,3994,5,3,2,1,0
4440,17930,4045,4,2,0,1,2
17511,17930,4006,5,3,0,0,1
17894,17930,4009,5,2,1,0,1
7624,17930,4065,4,1,0,1,2
18117,17930,4084,5,1,0,0,1
4792,17930,4066,4,4,0,1,0
11215,17930,4005,4,3,0,1,1
13513,12380,3226,5,0,2,0,3
13374,12380,3193,5,2,2,0,1
14213,12380,3322,3,1,1,2,0
12730,12380,3129,5,0,5,0,0
11612,12380,3098,5,2,2,0,0
11650,12380,3316,4,0,1,0,0
12341,12380,3136,3,1,0,2,1
7578,12380,3070,4,4,0,1,0
4792,12380,3077,3,2,0,2,1
13340,12380,3179,5,0,0,0,2
3376,12380,3332,4,2,0,1,0
13335,12380,3184,3,0,0,2,2
12972,12380,3246,5,1,3,0,0
12259,12380,3089,5,2,0,0,0
11162,12380,3367,3,2,0,2,0
13504,12380,3225,5,2,2,0,1
14439,12380,3327,5,0,0,0,0
14229,12380,3319,4,1,0,1,1
13850,12380,3375,3,1,2,2,0
13644,12380,3254,4,2,1,1,1
12653,12380,3105,5,1,3,0,1
12866,12380,3127,5,0,1,0,2
2994,12380,3204,5,3,0,0,2
7664,12380,3292,0,0,0,5,0
12733,12380,3111,3,1,2,2,0
12701,12380,3106,5,1,2,0,2
12440,12380,3304,3,2,0,2,0
890,12380,3245,5,2,0,0,0
12314,12380,3088,5,4,1,0,0
14719,12380,3374,3,1,1,2,1
13603,12380,3234,4,0,2,1,2
10671,12380,3217,3,3,0,2,0
9788,12380,3138,4,2,0,1,0
1412,4990,2933,5,5,0,0,0
8616,4990,2357,0,0,0,5,0
8187,4990,2248,5,1,2,0,0
10980,4990,2925,3,1,1,1,1
4894,4990,1425,5,2,1,0,1
8621,4990,2374,5,2,0,0,2
10889,4990,2910,4,0,2,1,0
8722,4990,2390,3,2,0,2,1
5319,4990,1623,2,2,0,3,0
577,4990,2844,2,0,2,3,0
6329,4990,1888,5,1,0,0,2
4940,4990,1604,5,5,0,0,0
10929,4990,2913,4,2,1,1,1
7624,4990,2864,4,1,0,1,1
8358,4990,2283,3,1,1,2,0
5129,4990,1528,2,0,2,0,0
5305,4990,2097,4,2,0,1,2
9458,4990,2587,4,4,0,1,0
8174,4990,2858,3,2,0,2,1
1559,4990,2860,5,5,0,0,0
1418,787,621,0,0,0,4,0
1856,787,645,5,1,0,0,0
1421,787,485,0,0,0,5,0
2628,787,864,4,0,0,1,0
2457,787,799,3,1,2,2,0
787,787,550,4,0,0,2,1
500,787,617,3,0,0,2,1
1462,787,495,0,0,0,5,0
1459,787,494,0,0,0,5,0
2883,787,914,0,0,0,5,0
778,787,989,4,0,1,1,2
2643,787,870,0,0,0,4,0
2913,787,919,5,2,2,0,0
1513,787,523,0,0,0,6,0
4939,5485,2888,5,0,1,0,2
6754,5485,1947,5,3,1,0,1
14589,5485,3393,4,4,0,0,0
18517,5485,4160,4,0,0,0,4
8799,5485,2407,5,2,1,0,1
11039,5485,2932,5,2,0,0,3
6515,5485,1914,5,2,1,0,1
13913,5485,3269,4,1,1,1,2
13761,5485,3770,0,0,0,5,0
19197,5485,4310,0,0,0,4,0
8579,5485,2337,4,0,0,1,4
19122,5485,4283,2,2,0,2,0
2967,5485,3485,3,2,0,2,0
14675,5485,4140,5,0,1,0,2
19181,5485,4305,4,4,0,0,0
9579,5485,2751,5,5,0,0,0
5422,5485,1760,5,3,2,0,0
8411,5485,2287,5,3,0,0,0
15663,5485,3489,5,3,0,0,1
4637,5485,2923,5,5,0,0,0
2733,5485,3376,5,0,1,0,1
6102,5485,1966,3,3,0,2,0
522,5485,1861,3,3,0,2,0
15478,5485,3465,4,1,2,1,0
8894,5485,2762,3,2,0,2,0
16716,5485,3714,4,2,0,1,2
7878,5485,2179,4,2,0,1,2
19101,5485,4275,0,0,0,3,0
673,5485,1964,9,5,1,0,2
2006,5485,2279,4,1,1,1,2
3856,5485,2709,5,5,0,0,0
4131,5485,1769,3,0,1,2,2
3954,5485,1925,4,2,2,1,0
16734,5485,3762,5,5,0,0,0
15444,5485,3461,5,2,0,2,2
2294,5485,3540,3,0,0,2,0
8979,5485,2455,5,3,0,0,1
9613,5485,2622,4,2,1,1,0
8306,5485,2277,5,3,2,0,0
6134,5485,1915,5,0,1,0,2
2236,5485,2840,5,3,0,0,2
4072,5485,1936,3,1,1,2,1
15380,5485,3455,3,0,0,2,3
4083,5485,2288,1,1,0,4,0
19160,5485,4300,3,2,0,1,1
14594,5485,3364,5,3,0,0,0
3042,5485,1863,4,2,0,1,1
11420,5485,3067,6,3,0,0,2
5913,5485,1785,5,2,1,0,0
5508,5485,1853,4,1,0,1,0
10649,5485,2854,4,1,1,1,0
4494,5485,2314,3,1,1,2,1
10943,5485,2919,5,5,0,0,0
17787,5485,3963,0,0,0,6,0
11084,5485,2939,5,5,0,0,0
18698,5485,4189,3,2,0,2,1
15978,5485,3598,5,0,0,0,1
19195,5485,4309,2,0,0,1,0
17847,5485,4003,5,1,0,0,2
10202,5485,2764,0,0,0,5,0
6387,5485,1893,5,5,0,0,0
5385,5485,1765,2,1,0,3,0
4297,5485,1923,6,2,0,0,2
10762,5485,2894,4,0,4,1,0
5524,5485,2634,3,1,0,2,2
19290,5485,4333,3,0,0,1,2
14541,5485,3358,5,2,0,0,1
6986,5485,1981,5,5,0,0,0
10795,5485,2945,4,1,0,0,1
6188,5485,1882,3,0,0,2,3
5760,5485,3912,3,1,1,2,1
15488,5485,3466,5,0,5,1,0
936,5485,3203,3,1,1,2,0
3486,5485,2900,3,1,0,2,2
5868,5485,2125,5,2,1,0,2
10334,5485,2787,4,0,0,1,4
10051,5485,2715,5,2,1,0,0
11344,5485,3463,3,1,1,3,1
11131,5485,2942,2,1,0,3,1
2365,5485,2038,3,3,0,2,0
8193,5485,2249,4,4,0,0,0
19390,5485,4357,1,0,0,2,0
7271,5485,2877,2,1,1,3,0
19048,5485,4266,2,1,0,1,0
5678,5485,1718,3,1,0,2,1
9262,5485,2537,3,2,1,2,0
18488,5485,4139,6,1,1,1,2
4561,5485,2100,5,0,0,0,0
4717,5485,1699,4,0,3,1,1
6561,5485,1921,5,1,1,0,3
8254,5485,2684,4,4,0,1,0
19201,5485,4312,2,0,0,1,2
298,5485,1778,2,2,0,3,0
18003,5485,4051,2,1,0,3,0
12755,5485,3115,0,0,0,4,0
19166,5485,4350,3,0,0,1,0
13555,5485,3231,4,1,1,2,2
868,5485,2878,5,3,0,0,2
256,5485,1911,5,0,0,0,0
1676,5485,1945,4,1,0,1,2
5689,5485,1898,6,6,0,0,0
15290,5485,3450,5,0,0,0,0
8582,5485,2338,3,3,0,2,0
2853,5485,3516,2,1,0,3,1
15969,5485,3589,5,1,0,0,0
6123,5485,1825,5,1,0,0,0
7419,5485,2843,4,4,0,1,0
2641,5485,1977,3,2,0,2,1
1123,5485,2607,4,0,0,1,3
16907,5485,3801,5,1,1,0,3
7668,5485,2487,4,2,0,1,1
16975,5485,4024,4,2,0,1,2
745,5485,2929,2,2,0,3,0
8105,5485,3313,4,4,0,0,0
9805,5485,2903,5,5,0,0,0
15248,5485,3437,3,0,1,2,2
2740,5485,1671,0,0,0,5,0
5587,5485,1696,3,3,0,2,0
3131,5485,2781,3,1,2,1,0
15887,5485,3535,5,0,0,1,0
12286,5485,3315,4,1,1,1,0
19162,5485,4301,2,1,0,1,0
8575,5485,2334,2,1,1,3,0
8384,5485,2296,5,0,2,0,2
5718,5485,1729,4,1,0,1,3
6308,5485,1904,4,1,0,1,2
4785,5485,1659,5,2,1,0,2
14015,5485,3362,4,1,0,1,1
8808,5485,2408,3,0,1,2,1
3376,5485,2893,4,2,0,1,1
14832,5485,3981,5,3,0,0,1
10144,5485,2898,3,0,0,2,3
1372,5485,3390,5,5,0,0,0
19200,5485,4311,2,1,1,1,0
9346,5485,2556,4,4,0,1,0
8078,5485,2226,2,1,1,3,0
8308,5485,3442,4,0,2,1,0
5856,5485,3337,0,0,0,8,0
13960,5485,3271,5,2,0,0,2
19317,5485,4337,0,0,0,3,0
5327,5485,1857,3,0,0,2,2
6197,5485,2875,5,0,0,0,5
6170,5485,1835,0,0,0,5,0
19319,5485,4338,2,1,0,2,1
4686,5485,1677,5,0,1,0,4
13036,5485,3283,4,1,1,1,2
15579,5485,3477,5,2,0,0,3
9753,5485,2650,3,0,3,2,0
5550,5485,1690,5,2,1,0,1
6062,5485,2101,4,4,0,1,0
5279,5485,1697,4,1,1,1,0
19103,5485,4271,4,4,0,0,0
500,5485,1957,3,1,0,2,2
8227,5485,2258,5,5,0,0,0
9193,5485,2508,5,3,0,0,2
2468,5485,2873,2,0,1,3,1
6721,5485,1942,4,0,2,1,1
1613,5485,1820,3,1,1,4,0
10333,5485,2802,5,2,1,0,0
9491,5485,2592,3,3,0,2,0
10075,5485,2720,4,0,2,1,0
12282,5485,4086,5,1,2,1,1
1646,5485,1665,4,2,2,2,0
19391,5485,4358,2,1,0,1,1
19180,5485,4304,2,1,0,1,1
5212,5485,2890,3,2,0,2,1
12146,5485,4221,0,0,0,5,0
9208,5485,4070,2,0,0,3,1
19386,5485,4354,0,0,0,3,0
6086,5485,2889,5,0,0,0,4
18872,5485,4223,0,0,0,5,0
10094,5485,2725,5,3,0,0,1
18548,5485,4164,2,1,0,2,1
3170,5485,1885,5,1,2,0,1
9788,5485,2850,3,2,0,2,0
7405,6997,2094,5,1,1,0,3
10105,6997,2732,5,0,0,0,4
8212,6997,2733,3,1,0,2,1
11762,6997,2990,5,5,0,0,0
10792,6997,2882,5,1,0,0,3
1602,6997,2924,0,0,0,5,0
5563,6997,2012,5,4,0,0,1
9061,6997,2476,5,1,0,0,4
7663,6997,2154,5,0,0,0,0
4792,6997,2851,4,1,0,1,3
10652,6997,2857,3,1,0,2,2
5426,6997,2902,5,2,0,0,1
6887,6997,1968,4,0,0,0,0
13171,6997,3154,5,3,0,0,2
13176,6997,3185,5,1,0,3,4
5092,6997,2156,5,3,1,0,0
7632,6997,2632,2,1,0,3,1
8484,6997,2304,2,1,1,3,0
10401,6997,2795,5,2,0,0,2
7958,6997,2196,5,0,0,0,5
8726,6997,2391,0,0,0,5,0
509,6997,2763,4,1,0,1,2
2577,6997,2348,4,3,0,1,1
2468,6997,2353,2,1,0,3,1
8876,6997,2427,5,1,1,0,0
2310,6997,2119,5,1,1,0,0
7579,6997,2146,5,1,0,0,2
6349,6997,2262,3,3,0,2,0
7578,6997,2134,5,2,1,0,0
3806,6997,2016,3,1,2,2,0
3227,6997,2538,5,1,2,0,1
7327,6997,2069,3,0,0,1,3
7249,6997,2043,4,4,0,1,0
7483,6997,2112,5,1,3,0,0
1866,6997,2824,3,2,0,2,1
5040,6997,2863,3,1,2,2,0
9732,6997,2673,5,5,0,0,0
13540,6997,3229,6,3,0,0,1
1361,6997,2866,3,2,0,2,1
4082,6997,2876,2,1,1,3,0
9746,6997,2643,4,1,0,1,1
11520,6997,2970,4,0,0,1,3
577,6997,2456,1,1,0,4,0
5163,6997,2148,5,1,2,0,0
7228,6997,2198,5,1,0,0,2
547,6997,2331,5,1,0,0,3
11108,6997,2940,5,1,1,0,2
1357,6997,2460,5,1,1,0,2
8051,6997,2222,3,0,1,2,2
553,6997,2102,3,1,1,2,1
7728,6997,2308,5,5,0,0,0
12604,6997,3174,5,2,0,0,3
7685,6997,2187,4,2,1,1,1
3717,6997,2839,4,1,0,1,2
7276,6997,2218,5,1,3,0,0
8626,6997,2360,5,1,1,0,0
11659,6997,2979,4,4,0,1,0
9349,6997,2702,5,1,3,0,0
4310,6997,2174,4,2,0,1,2
4764,6997,2777,2,1,0,3,1
7219,6997,2041,5,2,1,0,0
13408,6997,3200,3,1,1,2,1
10719,6997,2870,5,0,0,0,3
7149,6997,2207,5,3,2,0,0
1850,6997,3223,5,1,1,0,3
1836,6997,1993,5,1,0,0,3
8061,6997,2471,2,2,0,3,0
772,6997,2957,3,1,0,2,2
7975,6997,2200,5,2,0,0,1
8918,6997,2446,5,1,0,0,2
8224,6997,2257,0,0,0,5,0
8070,6997,3166,3,2,0,2,1
732,6997,2035,0,0,0,4,0
358,6997,2349,2,1,1,3,0
10370,6997,2793,3,1,1,2,0
328,6997,2419,4,4,0,1,0
2215,6997,2169,5,2,0,0,2
8873,6997,2426,5,1,2,0,2
4218,6997,2886,4,1,1,1,0
959,6997,2701,1,1,0,4,0
11956,6997,3007,3,1,0,1,0
11073,6997,2937,4,3,0,1,1
11723,6997,2987,1,1,0,4,0
9055,6997,2758,0,0,0,5,0
1915,6997,2723,2,1,0,3,0
10690,6997,2867,5,1,2,0,0
9705,6997,2926,4,1,1,1,2
1124,6997,2232,3,1,0,3,1
10306,6997,2796,0,0,0,5,0
11239,6997,2949,5,2,2,0,0
11241,6997,2950,5,1,0,0,3
7503,6997,2118,5,0,1,0,4
7580,6997,2135,0,0,0,5,0
13415,6997,3199,4,2,2,1,0
8707,6997,2378,2,2,0,3,0
13223,6997,3162,5,1,1,0,3
8152,6997,2238,5,3,1,0,1
12972,6997,3143,3,1,1,2,0
11374,6997,2963,5,2,0,0,0
7275,6997,2052,4,2,0,0,1
7377,6997,2085,4,1,0,0,3
8691,6997,2380,5,2,2,0,1
10221,6997,2780,5,2,1,0,2
7664,6997,2645,3,1,2,2,0
7925,6997,2195,5,3,1,0,1
353,6997,2201,5,3,0,0,1
2134,6997,2916,4,0,1,1,2
7875,6997,2920,5,0,0,0,5
8915,6997,2448,2,1,0,3,1
1872,6997,2256,5,5,0,0,0
11025,6997,2930,2,0,0,3,0
5202,6997,2096,4,3,1,0,0
7929,6997,2189,5,1,3,0,0
1227,14308,4054,0,0,0,3,0
577,4129,1370,3,2,0,3,0
4497,4129,2413,3,1,0,3,1
15969,4129,3846,5,5,0,0,0
5123,4129,1525,0,0,0,6,0
4620,4129,1287,0,0,0,5,0
4203,4129,1359,3,2,0,2,1
345,4129,1307,4,1,1,1,2
5173,4129,1564,5,2,0,0,3
1657,4129,1363,3,2,0,2,1
1974,4129,1569,5,1,1,0,0
4634,4129,1299,4,3,0,1,1
8174,4129,3120,3,0,0,2,3
7291,4129,2057,6,2,3,0,1
17059,4129,3761,0,0,0,6,0
5387,4129,1643,5,0,0,0,4
4904,4129,1430,6,4,0,0,0
358,4129,3297,4,2,0,2,2
10640,4129,2849,4,2,0,2,1
6357,4129,1889,5,0,0,0,5
1915,4129,1886,1,0,0,4,1
2892,4129,1169,3,0,1,2,1
6569,4129,1922,5,1,1,0,3
5836,4129,1763,0,0,0,5,0
1766,4129,1421,4,0,1,2,1
4780,4129,1384,4,2,0,1,0
1646,4129,2007,4,0,2,1,2
3182,4129,1591,5,2,0,0,0
4934,4129,2399,4,2,2,2,0
4808,4129,1548,1,0,1,4,0
2598,4129,1644,3,0,0,2,3
602,4129,1493,2,2,0,3,0
5650,4129,1709,4,1,2,1,0
4510,4129,1579,5,0,0,0,0
10005,4129,2707,4,2,0,2,1
6623,4129,1927,5,5,0,0,0
4306,4129,1664,5,2,2,0,0
2626,4129,1639,5,0,1,1,3
936,4129,2107,3,0,2,2,0
7229,4129,2067,4,0,0,1,4
11573,8866,3103,5,2,2,0,0
577,8866,3049,5,2,1,0,2
9055,8866,2475,4,2,0,1,2
11225,8866,2948,5,5,0,0,0
9365,8866,3087,4,2,2,1,0
11162,8866,2946,5,3,0,0,1
9806,8866,2658,5,2,2,0,0
10896,8866,2927,4,1,1,1,1
4975,8866,3242,5,0,0,0,5
5305,8866,2523,5,3,0,0,2
10909,8866,3101,4,3,0,1,0
12045,8866,3025,5,0,0,0,5
580,8866,3028,0,0,0,5,0
13084,8866,3147,5,3,1,0,0
5232,8866,3198,4,0,2,1,1
11867,8866,3117,4,2,0,1,2
12177,8866,3092,4,0,1,1,3
9432,8866,3023,0,0,0,5,0
12747,8866,3113,3,1,1,2,1
1828,8866,2479,5,0,0,0,5
9010,8866,2482,3,0,0,2,3
11957,8866,3008,5,1,1,0,2
12333,8866,3041,4,1,1,1,1
13297,8866,3168,5,2,1,0,1
12341,8866,3042,1,0,0,3,1
10832,8866,2912,4,4,0,1,0
9768,8866,3218,3,3,0,2,0
2137,8866,3202,3,2,1,2,0
10242,8866,2838,3,1,0,2,0
8900,8866,2440,4,1,1,1,1
1204,8866,3046,0,0,0,5,0
8105,8866,3232,5,4,0,0,1
12274,8866,3029,3,1,0,2,2
3162,8866,3128,3,1,0,2,2
10105,8866,3045,5,5,0,0,0
11326,8866,2962,5,1,0,0,2
10640,8866,3108,2,2,0,3,0
12078,8866,3017,3,2,1,2,0
1599,8866,2804,4,2,1,1,1
11721,8866,2986,5,3,0,0,0
12435,8866,3056,5,0,1,0,4
11486,8866,2969,5,2,1,0,1
11694,8866,2982,0,0,0,5,0
4055,8866,2503,0,0,0,5,0
9016,8866,2463,3,1,0,2,1
13311,16035,3771,4,1,0,1,1
3740,16035,3636,1,1,0,4,0
12274,16035,3708,2,0,0,3,1
9281,16035,3592,5,5,0,0,0
577,16035,3695,4,1,1,1,2
15959,16035,3686,4,1,0,1,1
17198,16035,3822,4,1,0,1,3
14605,16035,3632,2,0,0,3,0
15951,16035,3599,5,1,2,0,0
16946,16035,3749,5,0,0,0,4
16736,16035,3718,0,0,0,6,0
16272,16035,3705,4,2,0,1,2
16542,16035,3768,5,1,0,0,3
506,16035,3666,3,3,0,2,0
16496,16035,3676,5,1,0,0,2
16868,16035,3736,5,0,1,0,2
16668,16035,3709,0,0,0,5,0
16254,16035,3671,5,4,0,0,0
17896,18047,4010,5,0,0,0,4
18962,18047,4238,0,0,0,5,0
18492,18047,4130,4,1,2,1,0
14656,18047,4191,5,1,2,0,1
15959,18047,4036,3,2,0,2,0
18538,18047,4150,5,4,0,0,1
18812,18047,4212,0,0,0,5,0
11215,18047,4143,3,2,0,2,0
17961,18047,4053,5,3,0,0,2
1044,408,1378,4,1,2,1,1
3845,408,2078,3,0,0,1,0
8212,408,2255,4,3,0,1,0
10514,408,2831,5,1,1,0,1
7794,408,2171,2,1,0,3,1
6086,408,1817,2,1,0,3,1
9619,408,2624,3,3,0,2,0
2330,408,1584,5,3,1,0,0
2578,408,2009,3,2,0,2,0
279,408,1302,6,4,0,0,2
317,408,272,0,0,0,8,0
2230,408,2529,1,0,0,4,1
7229,408,2281,5,1,0,0,4
2476,408,1865,4,1,0,0,2
632,408,1497,0,0,0,5,0
7552,408,2127,5,0,0,0,5
1265,408,694,3,1,1,0,1
6460,408,1907,3,0,1,3,1
1448,408,491,0,0,0,4,0
10364,408,2789,5,1,0,0,4
7226,408,2036,4,4,0,0,0
6342,408,1887,5,2,0,0,2
4617,408,1572,4,1,1,1,1
10282,17771,3945,5,0,2,0,2
5448,4374,1670,5,0,0,0,0
4801,4374,1580,5,1,2,0,1
5198,4374,1553,4,3,0,1,0
4995,4374,1457,4,4,0,1,0
5187,4374,1571,3,2,1,2,0
5467,4374,1688,4,3,0,1,1
5709,4374,1733,2,2,0,3,0
642,4374,1300,0,0,0,5,0
5653,4374,1730,1,0,1,4,0
5375,4374,1881,3,3,0,2,0
2427,4374,1570,4,1,2,1,1
5224,4374,1563,5,1,1,0,2
4760,4374,1365,5,0,0,0,5
5019,4374,1787,6,0,0,0,0
2963,4374,1801,5,4,0,0,0
2198,4374,1443,3,2,0,2,1
3035,4374,1533,3,1,1,2,1
4211,4374,1588,5,3,0,0,0
5735,4374,1735,5,3,1,0,1
6417,4374,1900,4,1,0,1,3
2365,4374,1585,4,1,0,1,3
4351,4374,1683,5,1,1,0,3
5441,4374,1663,5,3,1,0,1
3481,4374,1680,2,0,0,3,2
5315,4374,1621,4,1,1,1,0
4117,4374,1442,4,1,0,1,2
807,4374,1326,6,2,0,0,3
5115,4374,1524,0,0,0,5,0
4740,4374,1431,5,1,1,0,3
3587,4374,1327,4,4,0,1,0
6716,4374,1939,5,1,1,0,3
1387,4374,1562,3,2,1,2,0
5483,4374,1679,4,1,2,1,1
6030,4374,1805,5,3,1,0,0
5064,4374,1485,5,1,2,0,2
3970,4374,1272,3,1,1,2,0
1645,4374,1355,5,3,0,0,1
4939,4374,1576,1,0,0,4,1
3732,4374,1367,0,0,0,5,0
1326,4374,1710,2,1,0,3,1
5723,4374,1732,5,5,0,0,0
5338,4374,1633,4,1,3,1,0
5055,4374,1546,2,0,0,3,2
5128,4374,1602,3,1,0,2,2
3951,4374,1795,3,3,0,2,0
4555,4374,1269,2,0,2,3,0
5206,4374,1556,5,3,1,0,1
5516,4374,1686,4,2,0,1,2
5820,4374,1764,5,2,1,0,0
6002,4374,1798,4,0,0,1,3
5122,4374,1526,4,1,1,1,2
6069,4374,1813,5,2,1,0,2
4918,4374,1434,5,1,2,0,1
1006,4374,1352,5,3,1,0,1
4074,4374,1538,3,1,0,2,2
4913,4374,1523,5,3,0,0,1
5589,4374,1698,1,1,0,4,0
708,4374,1626,3,1,1,3,1
3964,4374,1322,3,1,0,2,2
5948,4374,1896,5,2,1,0,0
2453,4374,1614,2,1,0,3,1
4608,4374,1279,5,1,2,0,1
3878,4374,1270,5,0,0,0,4
5724,4374,1734,3,2,0,2,1
3486,4374,1574,3,1,0,3,2
5040,4374,1595,5,1,3,0,0
5317,4374,1883,5,2,2,0,1
5957,4374,1789,5,0,1,0,2
5159,4374,1582,5,4,1,0,0
4340,4374,1221,3,0,2,2,0
1559,4374,1609,4,4,0,0,0
4368,5149,1661,4,2,1,1,0
1602,5149,1674,2,0,0,3,2
1613,5149,1672,4,1,2,1,1
5520,5149,1684,3,1,0,2,1
5426,5149,1657,5,4,0,0,0
3740,5149,1714,2,1,1,3,0
5679,5149,1723,2,0,0,3,2
5305,5149,1616,3,0,1,2,2
5404,5149,1667,4,1,1,1,2
5508,5149,1682,3,1,1,2,1
5702,5149,1724,3,1,0,2,2
5341,5149,1646,4,1,1,1,0
4568,5149,1653,5,1,1,0,3
5362,5149,1636,3,0,1,2,1
5560,5149,1692,4,2,1,1,1
5563,5149,1704,5,2,0,0,3
1214,43,1542,4,3,0,1,1
8741,43,2389,0,0,0,2,0
1228,43,435,0,0,0,6,0
5279,43,1606,5,0,1,0,3
1768,43,1640,2,2,0,3,0
5049,43,1537,4,1,1,2,2
4717,43,1581,4,0,0,1,4
5112,43,1522,0,0,0,3,0
5422,43,1655,5,3,0,0,2
3799,43,1596,3,1,1,2,1
522,43,1484,3,1,1,2,1
5259,43,1601,5,2,1,0,1
5327,43,1630,4,1,1,1,1
18,43,1,2,0,0,3,1
5316,43,1638,3,1,1,2,1
5339,43,1634,3,1,0,2,2
7862,43,3270,2,0,0,2,1
1227,43,579,3,0,0,0,2
1646,43,1539,5,1,0,0,3
298,43,1628,5,5,0,0,0
5385,43,1642,5,0,1,1,3
2699,6998,2163,3,2,0,2,1
7577,6998,2133,5,1,1,0,2
8850,6998,2416,5,5,0,0,0
4107,6998,2040,2,0,1,3,1
1516,6998,2346,4,4,0,1,0
7462,6998,2111,5,1,1,0,1
7113,6998,2530,5,2,1,0,2
1993,6998,2064,5,3,0,0,1
11573,6998,2977,4,2,1,1,1
622,6998,2090,4,2,1,0,1
7290,6998,2217,3,1,0,2,1
2331,6998,2504,3,3,0,2,0
7832,6998,2173,5,4,1,0,0
8765,6998,2398,5,1,3,0,1
17788,6998,3989,9,9,0,0,0
3852,6998,2561,5,0,0,0,0
9297,6998,2545,4,0,0,1,2
6033,6998,2662,4,0,0,1,4
9997,6998,2716,5,4,0,0,1
8619,6998,2366,2,2,0,3,0
7277,6998,2297,5,2,3,0,0
7440,6998,2108,5,0,1,0,4
11901,6998,3001,5,5,0,0,0
11415,6998,2964,5,4,1,0,0
382,6998,2428,4,1,1,1,2
7728,6998,2164,2,1,1,3,0
627,6998,2141,3,1,1,2,1
7090,6998,1998,5,1,1,0,3
9174,6998,2637,4,2,1,1,0
9798,6998,2655,3,3,0,2,0
7641,6998,2571,5,5,0,0,0
11483,6998,2972,3,1,1,2,1
2213,6998,2430,4,1,0,1,1
5246,6998,2132,4,1,1,1,2
7383,6998,2088,5,2,1,0,1
9329,6998,2558,5,3,0,0,0
728,6998,2103,5,2,1,0,2
9196,6998,2509,3,3,0,2,0
10827,6998,2891,3,1,1,2,1
7149,6998,2020,5,2,1,0,0
11741,6998,2988,4,1,0,1,1
9948,6998,2688,5,5,0,0,0
9422,6998,2577,5,4,0,0,1
8397,6998,2568,3,2,0,2,1
9212,6998,2613,4,1,1,1,2
5485,6998,2327,5,3,0,0,1
9946,6998,2687,5,0,1,0,3
9996,6998,2706,4,2,0,1,1
11890,6998,2998,0,0,0,5,0
381,6998,2330,2,1,0,3,1
10385,6998,2792,5,3,1,0,1
642,6998,2175,4,1,0,1,3
8849,6998,2415,5,1,2,0,2
7742,6998,2166,4,4,0,1,0
11222,6998,3048,4,4,0,0,0
7872,6998,2178,5,1,0,0,4
11867,6998,2995,3,1,0,2,2
7962,6998,2465,5,2,0,0,0
8309,6998,2554,4,2,0,1,2
12076,6998,3016,3,3,0,2,0
5412,6998,3100,3,3,0,2,0
12304,6998,3040,5,1,0,0,3
11572,6998,2974,4,0,0,1,4
9394,6998,2569,3,1,1,2,1
4261,6998,2051,5,3,1,0,0
4958,6998,2333,3,1,0,2,2
8703,6998,2377,2,1,1,3,0
8079,6998,2227,4,3,1,1,0
8628,6998,2359,3,2,0,2,0
7504,6998,2117,4,2,1,1,0
8103,6998,2235,5,4,0,0,0
5591,6998,2439,5,1,0,0,4
9768,6998,2648,4,0,4,1,0
12308,6998,3038,5,2,1,0,2
6929,6998,1978,5,1,0,0,4
577,6998,2674,3,2,0,2,1
7664,6998,2155,3,1,1,2,1
11735,6998,3036,5,2,1,0,2
12405,6998,3054,5,2,0,0,1
1691,6998,2423,5,2,2,0,1
8404,6998,2301,5,1,2,0,0
7875,6998,2185,2,0,1,3,0
9635,6998,2627,5,1,2,0,1
10107,6998,2739,5,2,0,0,0
7249,6998,2386,5,1,0,0,0
7289,6998,2058,2,1,1,2,0
10018,6998,2710,4,0,0,1,1
8775,6998,2402,3,2,0,2,1
7993,6998,2214,5,5,0,0,0
9788,6998,2653,5,2,0,0,3
9527,6998,2602,2,0,1,3,1
8927,6998,2449,2,1,1,3,0
9995,6998,2704,2,0,0,3,2
9281,6998,2639,5,0,5,0,0
9317,6998,2676,5,0,0,0,0
11965,6998,3011,5,4,0,0,1
559,6998,2765,3,2,0,3,0
1631,6998,2190,1,1,0,4,0
6689,6187,1933,3,0,1,2,2
6201,6187,1840,5,2,2,0,1
6823,6187,1961,5,0,0,0,0
7542,6187,2143,5,1,0,0,1
3227,6187,2424,3,1,0,2,2
7946,6187,2193,5,0,0,0,0
8160,6187,2240,5,1,0,0,3
6223,6187,1849,5,2,2,0,1
8739,6187,2387,5,1,0,0,4
8595,6187,2381,3,1,0,2,2
577,6187,1999,2,2,0,3,0
1645,6187,2436,4,1,2,1,0
6818,6187,2113,1,1,0,4,0
2536,6187,2322,5,1,1,0,1
7444,6187,2109,5,0,0,0,3
6920,6187,1975,3,2,0,2,1
6807,6187,1959,5,1,1,0,1
6433,6187,1903,5,3,0,0,1
7678,6187,2180,5,2,2,0,0
1341,6187,2289,3,3,0,2,0
8397,6187,2298,5,2,1,0,1
8154,6187,2239,4,0,0,1,2
6755,6187,1948,5,3,2,0,0
7961,6187,2209,5,5,0,0,0
3002,6187,2312,5,2,1,2,2
6888,6187,1970,3,1,1,2,1
6691,6187,1934,5,3,1,0,0
6210,6187,1967,0,0,0,5,0
8917,6187,2445,5,0,2,0,0
1357,6187,2244,3,1,1,2,1
7585,6187,2145,3,0,2,2,0
6656,6187,1931,4,3,0,1,1
8591,6187,2361,5,3,1,0,0
6288,6187,1870,5,1,0,0,2
7987,6187,2208,2,0,0,3,0
548,6187,2332,5,3,2,0,0
6900,6187,1972,5,1,2,0,1
8398,6187,2284,5,2,2,0,1
7451,6187,2363,5,1,2,0,1
8773,6187,2400,5,0,2,0,0
6491,6187,1913,4,1,2,1,0
1951,6187,2313,0,0,0,5,0
8448,6187,2299,5,5,0,0,0
8622,6187,2358,5,4,0,0,0
7388,6187,2089,5,2,2,0,0
8420,6187,2393,4,3,0,1,1
5703,5598,1743,5,2,1,0,2
1204,5598,1758,4,1,1,1,1
5560,5598,1777,4,0,0,1,1
6607,5598,1926,4,2,1,1,1
6776,5598,1953,5,0,0,0,0
6194,5598,1839,5,0,0,0,0
7006,5598,1987,2,2,0,3,0
5230,5598,1752,5,0,0,0,5
5268,5598,1603,4,3,0,1,0
5670,5598,1770,6,3,0,0,3
6362,5598,1890,5,5,0,0,0
7206,5598,2056,5,4,1,0,0
6459,5598,1908,2,2,0,3,0
4056,5598,2063,5,1,1,0,2
5776,5598,1751,4,2,0,1,2
5262,5598,1786,2,1,1,3,0
5958,5598,1790,2,1,0,3,1
6052,5598,1807,5,1,0,0,2
5640,5598,1720,5,2,1,0,2
10265,5598,2776,5,2,1,0,1
5704,5598,1742,5,3,2,0,0
7366,5598,2076,3,0,3,2,0
1297,5598,2006,5,3,1,0,1
6910,5598,1974,5,2,1,0,0
6379,5598,1892,5,0,0,0,5
6074,5598,1814,4,1,0,1,1
6527,5598,1962,0,0,0,5,0
8837,761,2414,4,2,0,1,2
16222,761,4253,0,0,0,5,0
1157,761,399,0,0,0,5,0
1646,761,2566,3,1,1,2,0
2331,761,3278,6,2,1,2,3
640,761,1301,1,1,0,4,0
1069,761,618,2,2,0,3,0
4806,761,1578,2,0,1,1,1
1516,761,1113,5,5,0,0,0
4279,761,1536,3,0,0,2,3
890,761,3339,5,3,0,0,1
1367,761,467,5,1,1,0,3
875,761,3895,3,2,0,2,0
625,761,1433,4,1,0,1,3
4958,761,3116,0,0,0,3,0
740,761,1862,2,2,0,3,0
15933,761,3568,0,0,0,1,0
10627,761,2845,5,5,0,0,0
3121,761,1586,5,0,2,0,1
5412,761,1650,1,1,0,4,0
8310,761,2871,2,0,1,3,1
10072,761,3002,3,2,0,2,0
11318,761,2954,5,2,1,0,0
6062,761,1811,4,2,2,1,0
559,761,2191,0,0,0,6,0
3769,761,1645,3,1,0,2,2
553,761,3298,4,4,0,2,0
1062,761,2437,6,1,0,2,4
15547,761,3593,5,3,0,0,1
6962,761,1979,5,5,0,2,0
296,761,251,0,0,0,5,0
5437,761,1662,2,0,0,4,0
2866,761,904,4,2,1,1,0
6766,761,1950,5,4,0,1,1
422,761,1481,0,0,0,5,0
1853,761,643,4,2,0,1,2
6621,761,1928,2,0,0,4,2
2442,761,793,5,5,0,0,0
12596,761,3093,5,3,0,0,2
4218,761,3838,4,1,1,2,1
13540,761,3340,5,2,0,1,3
2854,761,1239,2,1,0,3,1
3128,761,959,5,0,3,0,1
4347,761,2294,5,5,0,0,0
7294,761,2059,4,3,0,0,1
14194,761,3293,4,2,1,1,1
2891,761,916,0,0,0,5,0
7927,761,2369,5,1,0,0,4
10462,761,2821,1,0,0,2,1
6233,761,2018,5,2,2,0,1
1428,761,486,2,1,0,3,0
6102,761,1822,2,2,0,3,0
761,761,1726,4,0,0,1,4
2197,761,717,4,0,0,1,4
1368,761,606,3,1,1,2,1
935,761,308,0,0,0,6,0
10722,761,2918,5,5,0,0,0
1227,1660,3371,0,0,0,3,0
14226,1660,3296,2,2,0,0,0
