u_id,s_id,o_id,return_count,return_count nms,return_count similar,nonreturn_count
625,511,204,3,1,0,5
627,337,206,0,0,0,4
635,337,208,0,0,0,2
643,511,210,0,0,0,4
618,511,213,0,0,0,5
668,337,221,0,0,0,5
677,337,225,0,0,0,5
554,337,227,0,0,0,5
678,338,224,0,0,0,5
673,337,222,0,0,0,5
644,511,226,0,0,0,3
615,511,199,0,0,0,8
708,337,231,0,0,0,4
669,338,235,0,0,0,5
504,337,243,0,0,0,8
717,337,238,0,0,0,8
296,761,251,0,0,0,5
269,337,252,0,0,0,4
317,408,272,0,0,0,8
789,337,265,0,0,0,5
800,338,268,0,0,0,5
747,337,274,0,0,0,5
678,338,279,0,0,0,5
809,337,271,0,0,0,4
559,511,273,0,0,0,4
815,511,276,0,0,0,3
577,337,278,0,0,0,4
669,338,282,0,0,0,4
771,337,290,0,0,0,5
845,511,283,0,0,0,8
702,511,281,0,0,0,3
18,43,1,2,0,0,3
807,337,270,0,0,0,5
850,511,286,0,0,0,5
854,338,288,0,0,0,8
813,337,291,0,0,0,8
846,337,284,0,0,0,4
840,511,285,0,0,0,5
878,511,293,0,0,0,5
853,338,287,0,0,0,4
703,511,295,0,0,0,5
883,337,294,0,0,0,5
900,337,299,0,0,0,5
897,511,298,0,0,0,5
911,511,301,0,0,0,3
576,337,306,0,0,0,5
894,337,303,0,0,0,5
931,338,307,0,0,0,4
935,761,308,0,0,0,6
302,511,310,0,0,0,4
673,511,309,0,0,0,4
938,337,311,0,0,0,4
941,760,320,0,0,0,3
970,511,321,0,0,0,3
877,337,315,0,0,0,4
914,511,324,0,0,0,5
1006,511,328,0,0,0,4
506,511,330,0,0,0,5
975,511,323,0,0,0,2
1007,338,329,0,0,0,6
936,337,336,0,0,0,5
1049,511,335,0,0,0,5
1061,511,338,0,0,0,5
1070,337,343,0,0,0,5
1069,338,342,0,0,0,4
1077,511,345,0,0,0,5
1085,337,347,0,0,0,4
1080,337,346,0,0,0,5
618,511,349,0,0,0,1
1091,338,350,0,0,0,3
1093,511,351,0,0,0,5
1109,511,353,0,0,0,4
1112,337,354,0,0,0,4
1123,337,358,0,0,0,5
627,337,361,0,0,0,4
1072,511,344,0,0,0,5
1122,337,355,0,0,0,5
577,337,387,1,1,0,2
1155,337,396,0,0,0,4
740,337,398,0,0,0,5
758,760,395,0,0,0,5
777,511,393,0,0,0,4
1128,338,397,0,0,0,5
1125,338,400,0,0,0,4
1157,761,399,0,0,0,5
603,511,407,0,0,0,3
1162,338,405,0,0,0,5
1153,511,389,0,0,0,5
374,338,412,1,0,0,4
673,511,414,0,0,0,5
748,511,409,0,0,0,3
669,338,410,0,0,0,5
502,511,402,0,0,0,4
559,511,415,0,0,0,5
1175,337,416,0,0,0,5
1182,337,417,0,0,0,5
735,511,420,0,0,0,4
356,511,425,0,0,0,5
1196,511,423,0,0,0,3
1208,337,428,4,2,2,1
1214,511,430,0,0,0,5
808,337,431,4,3,0,1
1018,337,426,4,2,0,1
1184,337,419,0,0,0,5
1228,43,435,0,0,0,6
939,511,437,5,3,1,0
1224,337,436,5,2,1,0
1221,337,432,4,2,0,1
1066,338,424,0,0,0,5
668,511,434,0,0,0,5
619,511,429,3,2,0,2
1132,337,421,0,0,0,4
1243,338,439,4,0,0,1
1256,337,441,5,4,1,0
1260,511,442,0,0,0,5
1264,337,443,0,0,0,5
1250,511,440,4,1,0,1
1290,511,446,4,0,0,0
308,338,451,0,0,0,5
1314,337,459,5,2,3,0
1337,337,460,4,1,0,1
1329,511,458,0,0,0,5
1294,511,447,0,0,0,5
1309,511,452,0,0,0,4
1327,337,457,0,0,0,4
1323,337,456,4,3,0,1
1303,338,449,0,0,0,5
1321,337,455,0,0,0,5
1236,511,462,1,1,0,4
1361,337,464,3,1,1,2
1395,337,475,2,1,0,3
1385,338,473,2,1,1,3
1387,337,474,3,1,1,2
1377,337,471,5,1,0,0
1343,338,461,2,1,1,3
1367,761,467,5,1,1,0
1398,337,476,5,1,0,0
1339,338,477,0,0,0,5
1421,787,485,0,0,0,5
1428,761,486,2,1,0,3
985,337,488,3,1,1,2
1459,787,494,0,0,0,5
1462,787,495,0,0,0,5
1462,787,499,0,0,0,4
622,338,497,4,0,2,1
1229,511,514,2,2,0,3
1481,511,513,0,0,0,5
1454,337,510,3,1,0,2
1470,511,506,2,0,0,3
1468,338,501,0,0,0,5
1423,337,487,0,0,0,5
1386,337,511,2,1,0,3
1448,408,491,0,0,0,4
1474,511,507,4,1,1,1
1513,787,523,0,0,0,6
1341,337,504,4,0,1,1
1480,337,512,5,1,2,0
1471,511,505,3,0,1,2
1513,787,525,0,0,0,5
1515,511,526,4,0,1,1
509,511,529,0,0,0,5
912,337,492,2,1,1,3
1479,337,532,5,4,1,0
1534,511,535,4,2,0,1
607,337,546,0,0,0,5
1576,511,545,4,0,0,1
1573,337,542,2,1,0,3
1559,337,541,3,3,0,2
1286,337,538,5,1,3,0
1383,338,543,3,0,0,2
1536,511,536,2,1,0,3
1467,511,500,4,2,1,1
787,787,550,4,0,0,2
1585,511,548,0,0,0,5
1019,511,563,4,0,2,1
1562,511,540,0,0,0,5
787,787,564,4,1,0,2
1599,337,560,2,1,0,3
1491,337,519,0,0,0,5
740,337,568,2,2,0,3
1626,511,569,0,0,0,5
673,511,573,4,2,0,1
1632,511,572,0,0,0,5
1577,337,544,4,2,0,1
787,787,574,4,1,1,1
1543,511,537,5,2,1,0
787,787,575,0,0,0,5
1227,43,579,3,0,0,0
1645,337,576,4,1,2,1
1553,511,539,0,0,0,5
1516,511,528,3,3,0,2
1646,337,577,2,0,2,3
404,337,587,3,2,0,2
1664,511,584,5,1,0,0
1657,337,578,2,1,0,3
1671,511,585,4,2,1,1
1486,511,588,1,1,0,4
577,337,590,4,2,0,1
1665,760,580,3,1,0,2
1673,511,586,0,0,0,5
1636,338,595,5,5,0,0
1683,760,593,5,5,0,0
1694,337,594,5,2,1,0
1691,511,591,4,2,1,1
555,338,599,3,0,0,1
1598,511,601,4,0,1,1
1700,337,600,5,2,2,0
1721,337,602,5,0,0,0
758,760,603,0,0,0,5
1395,337,604,4,3,0,1
1227,43,605,0,0,0,9
1368,761,606,3,1,1,2
1602,337,610,1,0,0,4
1757,511,615,5,2,1,0
1456,511,614,2,0,1,1
1751,337,613,0,0,0,5
1750,338,612,5,1,1,0
1730,337,611,0,0,0,5
1206,338,427,3,0,0,2
500,787,617,3,0,0,2
500,787,619,5,2,0,0
500,787,620,0,0,0,5
1418,787,621,0,0,0,4
808,338,616,4,1,0,1
1069,761,618,2,2,0,3
1805,511,630,3,2,0,2
1350,511,629,2,2,0,3
891,337,631,3,1,0,2
1559,337,632,1,1,0,3
1826,511,633,4,2,0,1
1459,787,635,3,1,1,2
559,511,634,0,0,0,5
1841,338,638,0,0,0,5
1844,760,640,2,0,0,3
673,511,639,3,0,2,2
1846,338,641,5,1,0,0
1856,787,645,5,1,0,0
1848,1865,642,2,0,0,3
1884,338,648,5,2,0,0
1160,338,650,5,1,0,0
1895,511,651,0,0,0,5
1908,511,654,0,0,0,5
1887,511,649,2,0,0,3
1881,338,647,3,1,0,2
900,338,656,3,1,1,2
1893,760,653,4,2,0,1
1923,338,655,5,2,1,0
1005,511,657,1,0,0,4
1953,338,659,5,2,1,0
1875,511,661,4,1,0,1
1853,761,643,4,2,0,1
1974,338,662,5,1,2,0
1454,760,663,2,1,0,3
1957,338,660,4,1,0,1
1828,511,664,3,2,0,2
1832,338,636,0,0,0,5
906,511,652,5,1,1,0
1646,338,666,0,0,0,5
2032,338,668,0,0,0,5
1951,511,669,1,0,1,2
2046,511,671,2,1,0,3
1458,511,672,1,0,0,4
2050,338,674,0,0,0,3
1766,511,667,2,0,0,2
2062,338,676,4,2,0,1
2055,511,673,3,1,1,2
374,338,677,3,2,0,2
500,787,680,3,1,0,2
2057,511,675,2,1,0,1
500,787,682,3,1,1,3
500,787,683,4,1,0,1
2068,511,678,5,2,0,0
500,787,688,0,0,0,5
2077,338,685,0,0,0,5
673,511,686,2,0,0,3
1516,511,689,5,1,1,0
928,338,693,5,3,0,0
2098,511,692,0,0,0,5
2095,338,691,4,2,1,1
2069,337,681,3,1,1,0
559,511,696,0,0,0,5
2105,338,695,0,0,0,3
1891,337,697,0,0,0,3
2076,511,698,3,1,0,2
2121,337,699,0,0,0,5
1265,408,694,3,1,1,0
740,337,707,1,1,0,4
2084,337,687,0,0,0,5
2129,511,704,0,0,0,5
1227,43,709,3,0,0,2
2133,511,706,4,2,0,1
2132,338,705,5,1,0,0
577,511,710,2,1,0,3
1639,338,708,1,1,0,4
2179,511,711,5,1,0,0
1227,43,714,2,0,0,0
1923,337,716,1,0,0,4
787,787,718,0,0,0,3
787,787,719,2,1,0,1
787,787,720,3,1,0,0
2197,761,717,4,0,0,1
640,511,721,3,1,1,3
1303,338,723,0,0,0,5
2221,511,722,3,2,0,2
2208,338,730,5,2,0,0
1227,43,727,2,0,0,0
2235,337,726,3,3,0,2
1227,43,734,4,1,0,0
2252,337,733,5,2,0,0
298,337,737,0,0,0,5
506,511,736,3,0,1,2
2259,338,735,0,0,0,5
296,761,738,3,1,0,2
936,337,739,3,2,0,2
247,337,729,4,2,1,1
1227,43,740,0,0,0,3
1160,338,743,2,1,0,3
1853,761,742,0,0,0,5
854,338,741,0,0,0,5
1227,43,744,3,0,0,2
2188,511,715,5,1,1,0
2227,511,725,4,3,0,1
2293,337,745,4,1,1,1
1620,511,732,4,2,1,1
1516,511,747,3,3,0,2
1999,511,746,1,1,0,4
2278,337,750,1,0,0,4
500,787,752,3,1,0,2
1265,408,749,2,0,0,1
646,511,211,4,2,1,1
1350,511,756,5,3,0,0
577,511,757,2,1,0,3
2356,337,760,4,2,1,1
2355,511,759,3,0,0,0
2266,337,758,3,1,1,2
2331,338,754,3,1,0,2
2347,337,755,5,1,1,0
2330,337,753,2,1,0,1
622,338,761,3,1,0,2
559,511,762,0,0,0,5
1998,338,763,5,1,3,0
2365,337,765,4,3,0,1
2362,338,766,3,0,1,2
2370,338,767,2,0,0,3
2353,337,769,0,0,0,5
2374,337,770,5,1,0,0
1779,337,774,2,1,1,3
2384,338,775,2,0,1,3
1559,337,777,5,3,0,0
1646,338,778,3,1,2,2
2035,338,771,0,0,0,5
2146,338,779,4,2,1,1
2378,338,772,0,0,0,5
2290,337,773,5,1,2,0
661,338,782,0,0,0,3
2047,338,780,0,0,0,5
553,338,784,3,1,2,2
2416,511,787,5,3,0,0
2291,338,789,5,2,1,0
2417,511,788,0,0,0,5
2427,338,797,3,0,0,2
2453,337,798,0,0,0,5
2439,760,794,2,1,0,3
2431,338,791,5,2,0,0
2430,337,796,4,3,0,1
2457,787,799,3,1,2,2
2176,511,806,5,1,0,0
2239,337,805,2,1,0,3
2388,511,802,4,1,1,1
2458,338,800,5,5,0,0
2438,338,795,5,2,1,0
2442,761,793,5,5,0,0
2464,337,803,2,1,0,3
2441,338,792,5,3,0,0
509,511,786,1,0,1,4
487,511,807,5,4,1,0
2230,338,810,1,0,0,4
2236,511,790,4,2,0,1
1210,338,811,5,0,1,0
2489,760,812,3,3,0,2
2451,511,813,3,1,1,2
1950,338,801,2,0,0,3
2264,511,809,4,1,2,1
1392,338,808,4,1,1,1
2511,338,826,0,0,0,3
2510,338,824,3,1,0,2
2509,338,823,2,0,2,3
2503,337,821,5,3,0,0
2494,337,820,3,0,2,2
2501,338,819,0,0,0,5
2502,511,818,5,2,0,0
2500,511,817,5,2,1,0
2498,511,816,5,2,1,0
2499,337,815,5,2,2,0
2497,337,814,5,4,0,0
1933,338,828,0,0,0,5
1850,338,829,4,2,0,1
2459,337,831,5,0,1,0
2450,511,830,5,0,0,0
2527,511,832,4,2,0,1
2528,337,833,2,1,1,3
2226,338,724,3,2,0,2
1147,338,835,3,1,2,0
1700,337,836,3,0,0,2
1691,337,838,4,3,0,1
310,337,842,0,0,0,5
1316,338,837,2,0,0,3
1227,43,844,0,0,0,6
2439,760,845,3,2,0,2
1887,511,846,4,1,0,1
1464,511,841,5,1,1,0
900,1865,848,0,0,0,8
2468,338,849,3,2,0,2
2546,337,843,0,0,0,5
2549,337,850,0,0,0,5
2424,338,839,5,2,0,0
2197,761,852,3,1,2,2
2543,338,847,3,3,0,2
2554,338,851,5,4,0,0
2176,338,853,4,1,0,1
2331,338,854,1,0,0,5
740,337,859,4,2,0,1
1350,337,858,2,1,1,3
2172,337,857,3,1,1,2
1928,338,856,4,1,0,1
1395,337,863,1,0,0,4
506,760,865,5,5,0,0
1227,43,866,0,0,0,2
500,787,869,0,0,0,5
2643,787,870,0,0,0,4
2365,337,871,5,2,1,0
2577,2660,855,3,1,0,2
2628,787,864,4,0,0,1
2629,338,877,5,3,2,0
2658,337,876,5,2,1,0
2651,338,874,5,4,0,0
2606,337,862,4,2,1,1
2675,338,879,4,3,0,1
1578,337,873,1,1,0,4
2662,338,883,3,0,1,2
2731,338,886,3,2,0,2
2721,337,885,5,1,2,0
2650,338,872,2,0,0,3
2726,338,884,5,1,1,0
2770,337,887,4,1,0,1
2792,2660,894,3,2,0,2
2729,338,897,0,0,0,5
2846,337,899,0,0,0,5
2835,338,898,5,2,2,0
2589,337,901,2,1,1,3
2738,338,895,0,0,0,5
2834,338,900,5,4,1,0
2329,337,903,5,4,0,0
2866,761,904,4,2,1,1
1243,338,907,3,2,0,2
1341,337,908,3,0,0,2
2347,337,909,5,2,1,0
2872,337,910,0,0,0,5
2598,338,912,2,1,0,3
2801,338,911,4,1,0,1
2868,338,905,5,4,0,0
2860,2660,902,3,0,1,2
2869,2660,906,4,3,0,1
2873,338,913,5,3,0,0
2370,338,920,0,0,0,5
1950,338,922,5,2,1,0
2883,787,914,0,0,0,5
2896,2660,917,1,0,0,4
2709,1865,915,2,2,0,3
2913,787,919,5,2,2,0
2756,760,921,2,1,0,3
2571,338,923,5,2,0,0
2899,1865,918,3,0,1,2
2891,761,916,0,0,0,5
1147,338,926,3,0,1,2
2972,338,928,4,0,1,1
2641,2660,924,3,1,1,2
3018,2660,929,5,1,1,0
3022,338,930,2,2,0,3
935,761,931,4,0,0,1
2963,338,927,5,3,0,0
2468,338,934,3,2,0,2
2210,338,932,4,2,1,1
673,338,935,2,0,1,3
3064,338,936,3,3,0,2
3072,337,940,3,2,1,2
1350,337,946,2,0,0,3
2994,338,943,2,1,0,3
3096,2660,947,0,0,0,5
3095,2660,948,4,1,2,1
933,338,938,5,4,1,0
3114,337,951,5,5,0,0
1962,337,950,2,0,0,3
3107,2660,949,4,1,2,1
3116,2660,954,5,2,2,0
3135,337,957,0,0,0,5
1868,338,963,3,1,0,2
3129,338,953,4,0,0,1
3140,337,960,0,0,0,5
3128,761,959,5,0,3,0
2854,2660,966,5,2,1,0
3176,338,964,2,0,0,3
3182,338,965,5,1,0,0
1316,338,973,3,0,2,2
3040,337,969,0,0,0,5
3202,338,970,0,0,0,5
3167,2660,962,5,3,1,0
1516,2660,974,5,3,2,0
2236,337,972,3,1,0,2
2226,338,977,5,3,2,0
3215,2660,976,3,2,0,2
3212,337,971,0,0,0,5
3195,2660,968,3,2,0,2
577,338,979,1,0,0,4
3243,2660,978,5,1,1,0
2721,2660,981,3,2,0,2
3274,337,982,5,2,1,0
1206,338,985,1,0,0,4
2733,338,988,4,0,0,1
1708,338,986,5,2,2,0
3284,2660,983,5,3,0,0
778,787,989,4,0,1,1
1828,337,992,4,2,0,1
669,338,990,5,2,0,0
3305,337,995,4,2,0,1
3311,2660,997,3,2,1,2
500,787,998,4,1,0,1
500,787,999,3,3,0,0
3302,338,993,0,0,0,5
500,787,1002,0,0,0,5
500,787,1003,2,0,0,1
2213,3314,987,4,1,0,1
3177,2660,1004,3,1,0,2
3323,2660,1001,0,0,0,5
3327,337,1006,2,2,0,1
1985,337,984,0,0,0,5
500,787,1010,0,0,0,2
3337,338,1013,5,0,2,0
500,787,1014,1,1,0,1
3333,2660,1008,2,2,0,3
3326,338,1005,3,0,0,2
3371,337,1018,5,4,1,0
3377,338,1020,2,0,0,3
3379,2660,1021,4,1,0,1
3363,338,1016,5,1,0,0
3375,337,1019,5,1,1,0
3381,338,1022,5,3,0,0
2866,761,1027,2,0,1,4
3408,337,1025,4,0,1,1
787,787,1029,0,0,0,3
3424,3314,1033,0,0,0,5
3423,2660,1032,4,1,2,1
1236,337,1031,2,1,0,3
500,787,1034,3,1,0,2
500,787,1035,3,0,0,0
3286,3314,1026,2,0,2,3
2598,338,1037,3,2,0,2
2148,2660,1036,5,1,0,0
622,338,1038,5,2,1,0
933,338,1041,5,2,1,0
3437,2660,1040,0,0,0,5
1157,338,1039,0,0,0,5
1646,338,1044,5,0,0,0
3450,3314,1043,3,1,1,2
2731,2660,1042,2,1,0,3
3167,2660,1045,5,5,0,0
3461,2660,1046,4,1,2,1
2137,3314,1049,4,1,0,1
2226,338,1051,1,0,0,4
643,2660,1053,4,2,0,1
2227,3314,1054,2,0,1,3
2365,338,1055,5,1,2,0
3427,2660,1052,2,1,1,3
3486,2660,1056,2,1,0,3
356,338,1050,5,0,0,0
3338,2660,1048,5,1,2,0
2468,338,1059,3,2,0,2
3522,3314,1061,4,2,0,1
3473,2660,1060,5,3,1,0
1868,338,1064,3,0,2,2
2854,2660,1065,5,3,0,0
3537,3314,1068,5,3,0,0
577,338,1069,2,0,0,3
3500,2660,1070,4,2,1,1
3311,2660,1073,5,0,2,0
3176,338,1074,2,0,0,1
3542,3314,1071,4,2,0,1
3513,2660,1058,5,1,0,0
3481,338,1076,3,1,0,2
3544,338,1072,5,3,0,0
3543,2660,1075,3,2,0,2
3485,2660,1077,4,1,0,1
1350,3314,1084,3,3,0,2
2733,338,1083,5,0,2,0
3587,2660,1085,4,4,0,1
3581,338,1082,4,2,2,1
3558,338,1079,3,0,0,2
3586,3314,1080,3,0,1,2
3610,2660,1087,5,2,1,0
3601,2660,1086,4,1,1,1
1779,338,1092,3,1,0,2
3629,3314,1091,3,2,0,2
3624,338,1090,0,0,0,5
2057,2660,1094,3,1,0,0
3649,338,1096,5,2,1,0
3622,338,1095,2,1,1,3
2972,338,1107,0,0,0,5
3740,2660,1105,0,0,0,5
2490,3314,1104,3,0,0,2
3717,2660,1102,0,0,0,5
3660,3314,1098,5,0,3,0
3653,2660,1097,4,0,2,1
2678,338,1093,1,0,0,4
2133,3314,1108,3,0,0,2
1516,761,1113,5,5,0,0
506,760,1115,5,3,0,1
509,3314,1114,3,2,1,2
3326,338,1116,3,0,0,2
3676,2660,1099,5,3,2,0
3696,2660,1100,3,0,3,2
3785,338,1111,3,1,0,2
3820,2660,1122,0,0,0,5
3741,338,1106,5,2,1,0
3788,3314,1112,1,1,0,4
3800,338,1118,5,0,2,0
3799,2660,1119,2,1,1,3
3830,2660,1124,5,1,0,0
3833,338,1125,4,1,1,1
3837,3314,1127,5,1,3,0
868,2660,1130,2,2,0,3
3846,2660,1129,0,0,0,5
3854,338,1133,5,3,1,0
3810,3314,1121,5,3,0,0
3832,338,1126,2,1,1,3
3721,3314,1103,3,1,1,2
382,2660,1136,3,1,1,2
3853,338,1132,5,2,1,0
3121,2660,1120,3,1,1,2
3842,338,1128,5,1,2,0
1646,338,1140,4,2,1,1
3826,3314,1123,3,1,0,2
3892,2660,1137,5,1,1,0
3669,3314,1150,5,3,1,0
3966,2660,1149,0,0,0,5
3965,3314,1148,0,0,0,5
3954,2660,1143,4,2,2,1
3951,338,1141,0,0,0,5
4028,2660,1154,5,3,1,0
4010,338,1151,5,1,1,0
3529,3314,1089,3,1,1,2
4017,338,1153,5,0,1,0
298,3314,1156,0,0,0,5
643,338,1159,0,0,0,3
4045,338,1160,5,1,1,0
3961,2660,1145,2,1,1,3
4013,3314,1152,4,2,1,1
4068,1865,1163,3,0,2,0
4063,2660,1162,5,2,1,0
4035,3314,1157,5,2,1,0
4076,3314,1165,3,0,0,2
4016,3314,1171,3,0,2,2
3869,2660,1172,2,0,1,3
4073,2660,1173,0,0,0,5
4112,338,1175,5,1,0,0
4083,2660,1167,3,2,0,2
2892,4129,1169,3,0,1,2
4114,2660,1176,1,0,0,4
4081,338,1166,0,0,0,5
4088,2660,1168,3,1,0,2
4098,4128,1174,4,4,0,1
4131,338,1179,2,1,0,3
740,338,1186,3,2,0,2
4141,3314,1181,3,2,1,2
4143,3314,1182,5,2,0,0
4092,338,1170,5,2,1,0
4148,338,1183,5,1,0,0
4153,2660,1185,2,1,0,3
577,2660,1189,2,0,0,3
4155,2660,1188,5,1,0,0
900,2660,1192,2,0,0,2
3485,2660,1194,4,2,0,1
1157,338,1195,3,1,0,2
4156,3314,1187,5,3,0,0
2731,2660,1198,3,0,0,2
4218,3314,1200,2,2,0,3
4209,3314,1199,4,1,0,1
4181,338,1190,5,0,2,0
4233,3314,1201,5,2,1,0
3537,3314,1209,4,0,0,1
4237,338,1202,4,3,1,1
4024,338,1206,4,3,0,1
4201,3314,1197,5,4,1,0
1691,338,1213,4,2,2,1
4323,338,1214,3,2,1,2
4320,3314,1212,5,0,0,0
4279,2660,1211,4,3,1,1
3964,2660,1210,4,2,0,1
4340,4374,1221,3,0,2,2
1479,338,1196,5,5,0,0
4365,3314,1223,5,2,0,0
2157,338,1219,5,5,0,0
4354,338,1220,5,0,0,0
4333,2660,1218,5,2,1,0
4332,3314,1216,3,1,0,2
3587,2660,1229,5,3,0,0
3558,338,1227,4,2,1,1
3481,338,1228,2,2,0,3
4185,3314,1191,4,2,0,1
625,1865,1238,3,0,0,3
373,338,1230,3,2,0,2
3227,2660,1225,0,0,0,5
2854,761,1239,2,1,0,3
356,338,1241,2,1,0,3
3909,2660,1215,5,3,1,0
4443,3314,1240,4,1,1,1
4356,3314,1243,5,0,1,0
4182,2660,1224,4,2,0,1
1740,3314,1244,0,0,0,5
4270,3314,1250,5,0,1,0
3832,338,1248,5,2,1,0
4052,3314,1249,2,0,2,3
4480,2660,1247,4,1,1,1
4385,3314,1233,5,1,2,0
3833,338,1254,5,1,1,0
3869,760,1257,3,2,1,2
4211,338,1259,1,0,0,4
3984,3314,1260,3,2,0,2
4519,3314,1261,5,2,1,0
4310,338,1262,5,1,2,0
4538,338,1265,5,2,0,0
2134,3314,1275,2,0,1,3
4555,4374,1269,2,0,2,3
2384,338,1277,2,0,0,3
3970,4374,1272,3,1,1,2
4579,3314,1276,1,1,0,4
4566,3314,1271,3,2,1,2
4533,3314,1263,5,1,0,0
1350,3314,1281,4,1,1,1
3053,338,1266,3,1,1,2
3853,338,1284,1,0,0,4
3878,4374,1270,5,0,0,0
4612,3314,1282,5,1,1,0
4504,338,1283,4,2,2,1
4218,3314,1285,3,2,0,2
4608,4374,1279,5,1,2,0
259,3314,1217,5,1,3,0
509,3314,1290,1,0,1,4
1005,338,1294,5,2,1,0
4635,3314,1289,3,2,0,2
4159,338,1293,2,1,1,3
358,338,1295,0,0,0,8
298,3314,1297,5,5,0,0
4201,3314,1296,5,4,0,0
4620,4129,1287,0,0,0,5
314,760,1288,6,4,0,0
640,761,1301,1,1,0,4
296,761,1306,5,3,0,1
4370,3314,1309,5,1,2,0
777,3314,1308,5,5,0,0
4347,338,1305,1,1,0,4
3629,3314,1310,2,1,0,3
365,338,1312,4,0,1,1
500,338,1311,1,1,0,4
1227,43,840,0,0,0,4
807,4374,1326,6,2,0,0
2801,338,1331,5,0,0,0
3587,4374,1327,4,4,0,1
2528,338,1329,4,2,1,1
2213,3314,1328,3,2,1,2
1766,338,1325,5,1,2,0
4443,3314,1324,3,1,1,2
4333,3314,1323,3,1,0,2
3408,3314,1330,0,0,0,5
3964,4374,1322,3,1,0,2
4131,338,1318,0,0,0,5
2331,338,1319,3,1,2,3
703,3314,1304,4,2,0,1
345,4129,1307,4,1,1,1
4663,3314,1320,3,1,0,2
4634,4129,1299,4,3,0,1
642,4374,1300,0,0,0,5
4553,338,1321,4,1,1,1
4727,760,1332,2,0,0,3
2866,761,1333,5,2,1,3
3424,3314,1353,0,0,0,5
1006,4374,1352,5,3,1,0
2662,338,1351,0,0,0,6
1221,3314,1350,4,2,0,1
909,3314,1349,4,1,1,1
1645,4374,1355,5,3,0,0
4270,3314,1356,4,4,0,1
2963,338,1360,3,0,0,2
3333,3314,1361,3,1,1,2
4203,4129,1359,3,2,0,2
1850,338,1354,3,1,1,0
4579,3314,1366,6,2,0,0
1657,4129,1363,3,2,0,2
4763,338,1362,5,1,2,0
279,408,1302,6,4,0,0
434,3314,1303,5,0,0,0
4760,4374,1365,5,0,0,0
3732,4374,1367,0,0,0,5
4747,3314,1334,3,0,0,2
4776,3314,1369,0,0,0,5
4156,3314,1372,3,2,1,3
4791,338,1375,5,0,0,0
4789,3314,1373,0,0,0,5
373,338,1377,2,2,0,3
4808,338,1376,2,0,0,3
577,4129,1370,3,2,0,3
1044,408,1378,4,1,2,1
2054,3314,1380,5,2,1,0
2055,3314,1386,4,1,0,1
4780,4129,1384,4,2,0,1
1005,338,1389,1,1,0,4
4370,3314,1390,5,0,0,0
4764,3314,1391,4,2,0,1
4818,3314,1387,3,0,2,2
4500,338,1392,5,5,0,0
4843,338,1385,4,1,2,1
3240,3314,1408,5,4,0,1
4790,3314,1374,5,1,2,0
673,338,1426,3,3,0,3
4892,338,1424,6,3,0,0
4904,4129,1430,6,4,0,0
4896,3314,1427,0,0,0,5
4740,4374,1431,5,1,1,0
1766,4129,1421,4,0,1,2
625,761,1433,4,1,0,1
1350,3314,1435,4,0,2,2
4918,4374,1434,5,1,2,0
4082,338,1440,0,0,0,5
4958,3314,1445,5,4,1,2
909,3314,1441,5,2,1,0
4117,4374,1442,4,1,0,1
1006,4374,1448,7,4,0,0
4911,3314,1446,5,4,0,0
4934,338,1444,3,1,0,3
4894,4990,1425,5,2,1,0
2198,4374,1443,3,2,0,2
1645,1865,1452,4,2,0,2
3587,4374,1451,5,3,1,0
4994,3314,1453,5,3,0,0
840,3314,1449,4,1,0,2
4997,3314,1454,5,1,0,0
2468,338,1456,3,2,0,2
5003,1865,1458,3,2,0,2
4940,3314,1460,5,1,1,0
2054,3314,1462,5,3,0,0
4995,4374,1457,4,4,0,1
310,3314,1464,3,1,0,2
2267,3314,1455,2,1,1,3
5040,338,1469,3,3,0,2
2471,3314,1471,5,0,0,0
4925,3314,1519,6,5,0,2
5071,338,1490,3,3,0,2
3726,338,1505,2,1,1,3
4800,3314,1476,5,3,1,0
5061,338,1478,5,2,0,0
4541,3314,1506,3,0,1,2
5080,338,1503,5,1,1,1
5107,760,1510,4,2,0,1
622,338,1521,2,0,0,3
2466,3314,1463,3,0,0,3
5064,4374,1485,5,1,2,0
5129,4990,1528,2,0,2,0
5112,43,1522,0,0,0,3
2598,338,1498,2,1,1,3
1868,338,1500,3,2,1,2
740,338,1489,5,4,0,1
1044,408,1534,2,0,0,3
4843,338,1535,4,2,1,1
808,760,1495,5,4,1,0
4663,3314,1483,5,2,1,0
5123,4129,1525,0,0,0,6
4279,761,1536,3,0,0,2
5024,760,1504,4,0,0,1
4791,338,1508,1,1,0,5
4205,338,1507,2,1,0,3
422,761,1481,0,0,0,5
1361,3314,1491,2,1,1,3
602,4129,1493,2,2,0,3
5115,4374,1524,0,0,0,5
5122,4374,1526,4,1,1,1
5066,3314,1488,5,1,0,0
2055,3314,1502,3,2,0,2
1423,3314,1527,4,3,0,1
4849,3314,1547,5,1,3,0
2210,3314,1499,3,1,0,2
4074,4374,1538,3,1,0,2
3035,4374,1533,3,1,1,2
1646,43,1539,5,1,0,0
1214,43,1542,4,3,0,1
5049,43,1537,4,1,1,2
522,43,1484,3,1,1,2
4913,4374,1523,5,3,0,0
4893,3314,1529,4,0,2,1
3240,3314,1544,5,3,2,0
4894,4990,1554,6,2,1,0
5153,3314,1540,5,2,1,0
5158,3314,1541,5,3,1,1
5055,4374,1546,2,0,0,3
4808,4129,1548,1,0,1,4
5198,4374,1553,4,3,0,1
3746,760,1561,5,2,2,0
2077,3314,1555,5,1,0,0
1387,4374,1562,3,2,1,2
5206,4374,1556,5,3,1,0
505,3314,1549,5,5,0,0
1664,3314,1565,3,0,0,2
5228,3314,1567,4,0,4,2
310,3314,1568,4,1,3,1
5224,4374,1563,5,1,1,0
502,3314,1559,4,1,0,1
4764,3314,1545,4,2,0,1
5203,3314,1560,5,4,0,0
1974,4129,1569,5,1,1,0
5173,4129,1564,5,2,0,0
2427,4374,1570,4,1,2,1
5187,4374,1571,3,2,1,2
4717,43,1581,4,0,0,1
1730,3314,1573,5,2,1,0
3486,4374,1574,3,1,0,3
1887,1865,1575,3,1,1,2
4958,3314,1583,3,3,0,2
1350,3314,1587,6,1,1,0
4211,4374,1588,5,3,0,0
2365,4374,1585,4,1,0,1
4617,408,1572,4,1,1,1
4939,4374,1576,1,0,0,4
4510,4129,1579,5,0,0,0
4806,761,1578,2,0,1,1
4801,4374,1580,5,1,2,0
2330,408,1584,5,3,1,0
669,3314,1590,4,2,0,1
3717,3314,1593,5,0,1,0
5246,3314,1589,3,2,1,3
4740,4374,1594,3,0,1,2
5040,4374,1595,5,1,3,0
5024,760,1599,1,0,0,4
1714,3314,1597,4,4,0,1
5159,4374,1582,5,4,1,0
5004,3314,1459,6,5,0,2
4940,4990,1604,5,5,0,0
5158,3314,1605,5,3,0,0
3240,3314,1608,6,3,0,0
2077,3314,1610,3,0,1,3
1559,4374,1609,4,4,0,0
5128,4374,1602,3,1,0,2
5259,43,1601,5,2,1,0
1006,4374,1615,3,1,1,2
1893,3314,1611,4,2,0,1
5107,760,1612,6,6,0,0
4800,3314,1620,4,2,1,1
1423,3314,1619,5,3,1,1
2453,4374,1614,2,1,0,3
5212,3314,1607,3,3,0,2
5305,5149,1616,3,0,1,2
3799,43,1596,3,1,1,2
502,3314,1625,5,3,0,1
5198,4374,1622,5,1,0,0
708,4374,1626,3,1,1,3
5261,3314,1598,5,1,0,0
5319,4990,1623,2,2,0,3
5315,4374,1621,4,1,1,1
1236,3314,1624,0,0,0,5
4332,3314,1627,5,1,4,0
4843,3314,1629,4,2,1,2
5327,43,1630,4,1,1,1
298,43,1628,5,5,0,0
296,761,1632,4,0,0,2
520,3314,1631,4,2,2,2
5363,1865,1637,5,5,0,0
5387,4129,1643,5,0,0,0
5338,4374,1633,4,1,3,1
2626,4129,1639,5,0,1,1
5362,5149,1636,3,0,1,2
5279,43,1606,5,0,1,0
5383,3314,1641,5,3,1,0
3587,760,1577,2,2,0,3
5385,43,1642,5,0,1,1
2598,4129,1644,3,0,0,2
3769,761,1645,3,1,0,2
5341,5149,1646,5,2,1,0
5316,43,1638,3,1,1,2
1768,43,1640,2,2,0,3
5330,1865,1651,2,0,1,2
5412,761,1650,1,1,0,4
5408,3314,1647,4,4,0,1
1350,3314,1668,2,0,1,1
669,3314,1652,1,0,0,4
4568,5149,1653,5,1,1,0
5339,43,1634,3,1,0,2
5422,43,1655,5,3,0,0
5426,5149,1657,5,4,0,0
5420,3314,1654,4,1,1,1
5112,43,1673,0,0,0,6
4074,4374,1649,5,2,3,0
5437,761,1662,2,0,0,4
3182,4129,1591,5,2,0,0
5055,4374,1656,5,4,1,0
4893,3314,1660,4,2,0,2
3840,3314,1658,5,3,1,1
4785,5485,1659,5,2,1,0
4368,5149,1661,4,2,1,1
5441,4374,1663,5,3,1,0
5404,5149,1667,4,1,1,1
5448,4374,1670,5,0,0,0
2740,5485,1671,0,0,0,5
5228,3314,1666,4,0,2,2
1613,5149,1672,4,1,2,1
1646,5485,1665,4,2,2,2
1602,5149,1674,2,0,0,3
4764,3314,1678,5,4,0,0
4686,5485,1677,5,0,1,0
4871,3314,1600,2,0,1,3
3481,4374,1680,2,0,0,3
5508,5149,1682,3,1,1,2
4351,4374,1683,5,1,1,0
5520,5149,1684,3,1,0,2
5467,4374,1688,4,3,0,1
5515,3314,1685,5,5,0,0
5547,3314,1689,5,2,2,0
5550,5485,1690,5,2,1,0
2230,3314,1691,1,0,0,4
3121,761,1586,5,0,2,0
5516,4374,1686,4,2,0,1
5417,3314,1695,5,0,2,0
5279,5485,1697,4,1,1,1
5560,5149,1692,4,2,1,1
2365,4374,1694,5,2,0,0
5613,3314,1705,5,2,1,0
5563,5149,1704,5,2,0,0
5589,4374,1698,1,1,0,4
4306,4129,1664,5,2,2,0
4717,5485,1699,4,0,3,1
4843,3314,1707,5,2,2,1
3165,3314,1693,2,1,1,4
3740,5149,1714,2,1,1,3
5426,5149,1713,1,1,0,4
1326,4374,1710,2,1,0,3
5246,3314,1711,4,0,2,1
5412,761,1708,5,4,0,0
3717,3314,1719,4,2,1,2
3550,3314,1712,3,1,0,2
761,761,1726,4,0,0,1
5640,5598,1720,5,2,1,0
5695,3314,1721,4,1,1,1
5587,5485,1696,3,3,0,2
5702,5149,1724,3,1,0,2
5653,4374,1730,1,0,1,4
5718,5485,1729,4,1,0,1
5650,4129,1709,4,1,2,1
1505,760,1715,5,2,2,1
5483,4374,1679,4,1,2,1
5679,5149,1723,2,0,0,3
5735,4374,1735,5,3,1,0
5724,4374,1734,3,2,0,2
632,408,1497,0,0,0,5
4806,761,1716,5,1,1,0
5678,5485,1718,3,1,0,2
5709,4374,1733,2,2,0,3
706,3314,1738,5,1,1,0
5759,3314,1741,4,4,0,0
5760,3314,1744,3,0,2,2
5408,3314,1740,5,4,1,1
5704,5598,1742,5,3,2,0
5703,5598,1743,5,2,1,0
5441,4374,1747,5,4,1,0
5723,4374,1732,5,5,0,0
5040,4374,1749,5,1,2,0
5268,5598,1603,4,3,0,1
4925,3314,1550,6,3,2,1
3595,3314,1746,2,1,0,4
5781,3314,1753,4,0,1,1
5776,5598,1751,4,2,0,1
5385,5485,1765,2,1,0,3
5198,4374,1755,3,1,0,2
1204,5598,1758,4,1,1,1
5422,5485,1760,5,3,2,0
3481,4374,1768,3,1,1,2
5793,3314,1756,3,3,0,4
4131,5485,1769,3,0,1,2
5387,4129,1731,3,0,1,2
5836,4129,1763,0,0,0,5
5820,4374,1764,5,2,1,0
5803,3314,1767,6,2,1,0
5815,3314,1761,2,0,1,4
3741,3314,1766,3,2,0,3
5230,5598,1752,5,0,0,0
4785,5485,1748,4,3,0,1
5884,1865,1776,3,0,0,0
5670,5598,1770,6,3,0,0
5819,3314,1773,4,1,0,1
5875,3314,1774,5,3,0,0
5863,3314,1771,4,3,0,1
5876,3314,1775,3,1,0,2
5560,5598,1777,4,0,0,1
4939,4374,1772,4,3,0,1
2365,4374,1791,3,1,0,2
5279,5485,1783,5,1,3,0
5262,5598,1786,2,1,1,3
5019,4374,1787,6,0,0,0
5958,5598,1790,2,1,0,3
3240,3314,1792,6,5,1,0
5957,4374,1789,5,0,1,0
3951,4374,1795,3,3,0,2
5544,3314,1797,2,0,1,3
6002,4374,1798,4,0,0,1
5913,5485,1785,5,2,1,0
3408,3314,1799,1,0,0,4
2963,4374,1801,5,4,0,0
5211,3314,1800,1,0,1,5
6032,3314,1804,6,3,0,0
6040,3314,1806,7,4,0,0
6052,5598,1807,5,1,0,0
640,760,1808,0,0,0,6
577,3314,1810,4,1,2,3
6074,5598,1814,4,1,0,1
4818,3314,1809,5,1,1,0
6069,4374,1813,5,2,1,0
6030,4374,1805,5,3,1,0
5198,4374,1815,5,2,1,0
5408,3314,1816,5,1,0,1
1613,5485,1820,3,1,1,4
6062,761,1811,4,2,2,1
6098,3314,1819,4,2,1,1
4843,3314,1821,4,1,2,2
6086,408,1817,2,1,0,3
6102,761,1822,2,2,0,3
1227,43,1737,1,0,0,4
5650,4129,1824,5,1,2,0
6123,5485,1825,5,1,0,0
5776,5598,1826,4,3,1,1
5781,3314,1829,0,0,0,5
6170,5485,1835,0,0,0,5
5467,4374,1831,4,1,1,1
4785,5485,1832,5,3,0,0
5483,4374,1830,4,0,4,1
6192,3314,1838,5,0,0,0
6201,6187,1840,5,2,2,0
6217,3314,1846,6,2,1,0
6204,3314,1842,4,3,0,0
4131,5485,1848,5,1,2,0
775,3314,1847,2,0,1,4
6090,3314,1844,6,2,0,0
6223,6187,1849,5,2,2,0
5508,5485,1853,4,1,0,1
3550,3314,1850,3,1,1,3
6233,3314,1855,5,1,3,0
5327,5485,1857,3,0,0,2
740,761,1862,2,2,0,3
761,761,1874,1,1,0,2
761,761,1877,1,0,0,2
5040,4374,1858,3,1,0,2
5212,3314,1859,3,2,1,2
5228,3314,1860,6,2,3,1
4939,4374,1837,3,0,0,2
522,5485,1861,3,3,0,2
3741,3314,1864,5,2,3,0
3042,5485,1863,4,2,0,1
2129,3314,1852,1,1,0,4
6288,6187,1870,5,1,0,0
5958,5598,1872,2,1,0,3
1227,43,1869,2,0,0,3
2476,408,1865,4,1,0,0
6188,5485,1882,3,0,0,2
6357,4129,1889,5,0,0,0
6329,4990,1888,5,1,0,0
4800,3314,1876,4,2,1,1
5317,4374,1883,5,2,2,0
6342,408,1887,5,2,0,0
6362,5598,1890,5,5,0,0
6379,5598,1892,5,0,0,0
1505,760,1905,2,2,0,4
3240,3314,1899,5,3,1,0
2213,3314,1895,4,1,0,1
1664,3314,1902,1,0,0,5
3170,5485,1885,5,1,2,0
5375,4374,1881,3,3,0,2
6387,5485,1893,5,5,0,0
5948,4374,1896,5,2,1,0
1915,4129,1886,1,0,0,4
6389,3314,1894,4,1,0,1
6433,6187,1903,5,3,0,0
5408,3314,1910,6,5,0,0
6002,4374,1912,5,3,1,0
6308,5485,1904,4,1,0,1
256,5485,1911,5,0,0,0
5689,5485,1898,6,6,0,0
6127,3314,1851,3,0,0,2
6417,4374,1900,4,1,0,1
2365,4374,1906,4,2,0,1
6460,408,1907,3,0,1,3
6459,5598,1908,2,2,0,3
6491,6187,1913,4,1,2,1
6134,5485,1915,5,0,1,0
2139,3314,1918,4,0,0,1
6052,5598,1919,5,3,1,0
6607,5598,1926,4,2,1,1
640,760,1941,3,1,1,5
6623,4129,1927,5,5,0,0
6656,6187,1931,4,3,0,1
6689,6187,1933,3,0,1,2
4297,5485,1923,6,2,0,0
3954,5485,1925,4,2,2,1
6716,4374,1939,5,1,1,0
1350,3314,1940,4,3,0,2
6098,3314,1930,4,2,0,1
6621,761,1928,2,0,0,4
4072,5485,1936,3,1,1,2
6561,5485,1921,5,1,1,0
6691,6187,1934,5,3,1,0
5261,3314,1681,5,4,0,0
6721,5485,1942,4,0,2,1
1676,5485,1945,4,1,0,1
6755,6187,1948,5,3,2,0
6776,5598,1953,5,0,0,0
4958,3314,1909,4,2,1,2
6766,761,1950,5,4,0,1
6515,5485,1914,5,2,1,0
298,5485,1778,2,2,0,3
2196,760,1955,5,4,0,1
1714,3314,1956,5,1,1,0
6062,761,1958,4,1,1,1
500,5485,1957,3,1,0,2
6823,6187,1961,5,0,0,0
673,5485,1964,9,5,1,0
5760,3314,1827,3,0,2,3
4871,3314,1965,5,0,2,1
6194,5598,1839,5,0,0,0
5408,3314,1963,5,5,0,0
6962,761,1979,5,5,0,2
6217,3314,1976,4,2,1,1
4368,3314,1980,1,0,1,4
6102,5485,1966,3,3,0,2
6807,6187,1959,5,1,1,0
6210,6187,1967,0,0,0,5
2641,5485,1977,3,2,0,2
6886,3314,1969,5,3,0,0
6569,4129,1922,5,1,1,0
6910,5598,1974,5,2,1,0
6900,6187,1972,5,1,2,0
6888,6187,1970,3,1,1,2
6920,6187,1975,3,2,0,2
6895,3314,1971,3,1,1,2
6986,5485,1981,5,5,0,0
5332,3314,1982,1,1,0,4
1836,6997,1993,5,1,0,0
7006,5598,1987,2,2,0,3
5589,3314,1983,4,2,0,1
6768,3314,1951,5,0,0,0
7041,3314,1988,5,0,5,0
5123,4129,1997,4,1,0,1
2856,3314,1984,2,1,1,3
6929,6998,1978,5,1,0,0
6887,6997,1968,4,0,0,0
6379,5598,2001,5,0,0,0
6288,6187,2004,4,1,0,1
7105,3314,2003,4,2,1,1
1907,3314,2000,5,5,0,0
3376,1865,2005,3,1,0,3
1646,4129,2007,4,0,2,1
2213,3314,2011,2,1,0,3
577,6187,1999,2,2,0,3
6754,5485,1947,5,3,1,0
2578,408,2009,3,2,0,2
7060,3314,1991,5,0,0,0
1297,5598,2006,5,3,1,0
6527,5598,1962,0,0,0,5
7090,6998,1998,5,1,1,0
5563,6997,2012,5,4,0,0
3806,6997,2016,3,1,2,2
7178,3314,2026,2,1,0,3
1915,4129,2015,3,0,0,3
2192,3314,2024,5,1,3,0
981,3314,2022,5,1,0,0
7171,3314,2025,5,5,0,0
7198,3314,2029,5,0,1,0
6362,5598,2023,5,0,1,0
7149,6998,2020,5,2,1,0
6188,5485,2032,5,1,1,0
4939,3314,2031,2,2,0,3
6223,6187,2034,4,3,1,0
3595,3314,2037,4,2,2,2
775,3314,1989,5,0,3,0
5695,3314,1794,3,0,1,2
2365,5485,2038,3,3,0,2
6716,3314,2045,5,2,1,0
7249,6997,2043,4,4,0,1
4107,6998,2040,2,0,1,3
7222,3314,2033,5,1,0,0
7271,3314,2050,2,0,2,3
4261,6998,2051,5,3,1,0
7275,6997,2052,4,2,0,0
7206,5598,2056,5,4,1,0
5212,3314,1944,2,0,0,3
5781,3314,1960,0,0,0,5
7291,4129,2057,6,2,3,0
6656,6187,2071,4,2,0,0
7243,3314,2042,5,5,0,0
7226,408,2036,4,4,0,0
673,5485,2061,2,1,0,2
5948,3314,2060,3,2,0,1
5524,760,2062,3,1,2,2
4056,5598,2063,5,1,1,0
3131,3314,2065,3,1,0,1
7332,3314,2070,3,0,1,2
6569,4129,2072,4,1,1,1
6389,3314,2047,5,2,1,0
7289,6998,2058,2,1,1,2
7327,6997,2069,3,0,0,1
7351,3314,2073,4,2,0,0
6986,5485,2081,5,3,0,0
1676,5485,2082,2,0,1,2
7294,761,2059,4,3,0,0
7116,3314,2066,4,2,1,0
7241,3314,2068,5,4,0,0
7367,3314,2077,3,1,0,1
7219,6997,2041,5,2,1,0
2675,3314,2080,5,5,0,0
3845,408,2078,3,0,0,1
7383,6998,2088,5,2,1,0
296,761,2093,4,3,1,2
3215,3314,2087,2,0,1,2
1714,3314,2086,3,0,0,1
4871,3314,2098,1,0,0,4
7388,6187,2089,5,2,2,0
622,6998,2090,4,2,1,0
7377,6997,2085,4,1,0,0
5305,4990,2097,4,2,0,1
6766,761,2092,3,2,0,1
5202,6997,2096,4,3,1,0
6691,6187,2116,4,0,0,0
1361,3314,2091,2,0,1,2
6102,5485,2124,4,3,0,1
2641,5485,2110,4,3,0,1
732,6997,2035,0,0,0,4
7366,5598,2076,3,0,3,2
7405,6997,2094,5,1,1,0
6895,3314,2095,5,2,1,0
7419,760,2099,5,2,1,1
6062,5485,2101,4,4,0,1
553,6997,2102,3,1,1,2
728,6998,2103,5,2,1,0
981,3314,2104,5,5,0,0
5332,3314,2105,4,2,1,1
7513,3314,2122,4,0,0,0
7229,4129,2067,4,0,0,1
2192,3314,2115,3,1,0,2
5589,3314,2123,3,2,1,2
5695,3314,2136,5,1,1,0
4566,3314,2137,4,4,0,1
5362,760,2129,7,0,3,0
7483,6997,2112,5,1,3,0
7503,6997,2118,5,0,1,0
2310,6997,2119,5,1,1,0
7440,6998,2108,5,0,1,0
7552,408,2127,5,0,0,0
5868,5485,2125,5,2,1,0
963,3314,2120,5,5,0,0
936,4129,2107,3,0,2,2
4561,5485,2100,5,0,0,0
7444,6187,2109,5,0,0,0
7462,6998,2111,5,1,1,0
6818,6187,2113,1,1,0,4
7504,6998,2117,4,2,1,1
5246,6998,2132,4,1,1,1
4637,760,2140,6,5,0,0
7577,6998,2133,5,1,1,0
7578,6997,2134,5,2,1,0
7580,6997,2135,0,0,0,5
7585,6187,2145,3,0,2,2
2213,3314,2151,5,0,1,0
2866,761,2131,2,2,0,4
1915,4129,2157,2,0,1,4
807,3314,2144,3,1,0,2
5591,3314,2149,5,5,0,0
6452,3314,2162,4,1,2,1
5163,6997,2148,5,1,2,0
7663,6997,2154,5,0,0,0
2699,6998,2163,3,2,0,2
7728,6998,2164,2,1,1,3
7877,3314,2183,4,3,0,1
7632,3314,2152,3,0,0,2
7664,6998,2155,3,1,1,2
7678,6187,2180,5,2,2,0
2196,760,2176,3,1,0,3
7794,408,2171,2,1,0,3
2215,6997,2169,5,2,0,0
559,761,2191,0,0,0,6
7785,3314,2170,5,0,2,0
5123,4129,2194,4,0,3,1
5092,6997,2156,5,3,1,0
7178,3314,2138,5,4,1,0
627,6998,2141,3,1,1,2
7542,6187,2143,5,1,0,0
7832,6998,2173,5,4,1,0
7882,3314,2181,3,2,0,2
7685,6997,2187,4,2,1,1
7929,6997,2189,5,1,3,0
7152,3314,2053,3,3,0,2
7878,5485,2179,4,2,0,1
4131,5485,2203,1,0,1,4
7912,3314,2186,5,2,1,0
7875,6998,2185,2,0,1,3
7958,6997,2196,5,0,0,0
7946,6187,2193,5,0,0,0
7964,3314,2204,3,0,1,2
661,3314,2212,5,5,0,0
7579,6997,2146,5,1,0,0
7872,6998,2178,5,1,0,0
7987,6187,2208,2,0,0,3
1631,6998,2190,1,1,0,4
353,6997,2201,5,3,0,0
4072,5485,2199,4,0,2,2
7290,6998,2217,3,1,0,2
8051,6997,2222,3,0,1,2
1926,3314,2221,5,2,1,0
7327,6997,2223,0,0,0,5
7742,6998,2166,4,4,0,1
8094,3314,2229,3,1,2,2
6621,761,2228,4,1,0,1
6379,5598,2205,5,0,0,0
1613,5485,1916,4,1,1,1
6086,408,1943,3,2,0,2
7992,3314,2234,5,0,3,0
8103,6998,2235,5,4,0,0
8152,6997,2238,5,3,1,0
4566,3314,2236,3,1,0,2
7641,3314,2150,2,0,2,3
7228,6997,2198,5,1,0,0
642,6998,2175,4,1,0,1
2301,3314,2247,4,4,0,1
3845,408,2245,5,0,3,0
7383,6998,2242,5,2,1,0
1124,6997,2232,3,1,0,3
8154,6187,2239,4,0,0,1
8160,6187,2240,5,1,0,0
8162,3314,2241,5,5,0,0
7405,6997,2233,5,1,2,0
7961,6187,2209,5,5,0,0
8187,4990,2248,5,1,2,0
1872,6997,2256,5,5,0,0
8227,5485,2258,5,5,0,0
7060,3314,2260,5,1,0,0
8207,3314,2261,5,1,1,0
8224,6997,2257,0,0,0,5
7149,6997,2207,5,3,2,0
6656,3314,2266,4,2,1,1
8078,5485,2226,2,1,1,3
7975,6997,2200,5,2,0,0
7993,6998,2214,5,5,0,0
8272,3314,2270,5,1,2,0
8226,3314,2263,3,1,0,2
1357,6187,2244,3,1,1,2
407,3314,2271,3,2,0,2
7294,761,2265,2,2,0,3
6233,761,2018,5,2,2,0
6895,3314,2273,4,2,1,1
3717,3314,2275,3,2,1,2
6349,6997,2262,3,3,0,2
7229,408,2281,5,1,0,0
6102,5485,2278,5,5,0,2
2310,6997,2280,3,2,0,2
622,6998,2259,4,1,1,2
7377,6997,2285,5,0,0,0
8358,4990,2283,3,1,1,2
1341,6187,2289,3,3,0,2
8398,6187,2284,5,2,2,0
2006,5485,2279,4,1,1,1
4347,761,2294,5,5,0,0
2134,3314,2282,5,1,1,0
2213,3314,2292,4,2,2,1
8384,5485,2296,5,0,2,0
8378,3314,2286,5,2,2,0
7678,6187,2303,5,1,2,0
7750,3314,2311,4,1,0,1
3002,6187,2312,5,2,1,2
1993,6998,2064,5,3,0,0
7728,6997,2308,5,5,0,0
5485,6998,2327,5,3,0,0
4958,6998,2333,3,1,0,2
8212,408,2255,4,3,0,1
7276,6997,2218,5,1,3,0
4494,5485,2314,3,1,1,2
8539,3314,2321,2,1,0,2
8548,3314,2324,5,4,0,0
1951,6187,2313,0,0,0,5
4131,5485,2317,1,0,1,4
7277,6998,2297,5,2,3,0
6452,3314,2307,4,1,2,1
7451,6187,2363,5,1,2,0
8152,6997,2329,5,5,0,0
310,3314,2345,5,2,0,0
506,760,2351,5,4,0,1
5508,5485,2352,2,1,0,3
2468,6997,2353,2,1,0,3
8591,6187,2361,5,3,1,0
1383,3314,2365,4,0,1,1
8626,6997,2360,5,1,1,0
8628,6998,2359,3,2,0,2
8616,4990,2357,0,0,0,5
2699,6998,2354,3,2,0,2
8094,3314,2362,5,2,0,0
7178,3314,2355,4,3,1,1
358,6997,2349,2,1,1,3
7875,6998,2340,3,0,2,2
8582,5485,2338,3,3,0,2
7925,6997,2195,5,3,1,0
8304,760,2276,5,1,1,0
7664,6998,2368,2,0,0,3
7964,3314,2336,5,1,2,0
4310,6997,2174,4,2,0,1
8622,6187,2358,5,4,0,0
8619,6998,2366,2,2,0,3
3131,3314,2372,4,2,1,1
3595,3314,2121,3,2,0,2
6754,5485,2370,5,5,0,0
8703,6998,2377,2,1,1,3
548,6187,2332,5,3,2,0
547,6997,2331,5,1,0,0
381,6998,2330,2,1,0,3
8707,6997,2378,2,2,0,3
5524,760,2230,2,1,0,3
8079,6998,2227,4,3,1,1
3481,3314,2253,3,2,1,2
8741,43,2389,0,0,0,2
7503,6997,2295,3,1,2,2
8739,6187,2387,5,1,0,0
7246,3314,2300,5,4,0,0
8411,5485,2287,5,3,0,0
4083,5485,2288,1,1,0,4
8193,5485,2249,4,4,0,0
7580,6997,2305,2,1,0,3
7249,6998,2386,5,1,0,0
8404,6998,2301,5,1,2,0
7961,6187,2383,4,2,1,1
8397,6187,2298,5,2,1,0
8716,3314,2382,4,2,1,1
2301,3314,2367,4,3,0,1
559,761,2406,0,0,0,5
7041,3314,2252,5,1,1,0
661,3314,2376,4,3,0,1
8691,6997,2380,5,2,2,0
2215,6997,2375,3,3,0,2
8621,4990,2374,5,2,0,0
8575,5485,2334,2,1,1,3
8595,6187,2381,3,1,0,2
2536,6187,2322,5,1,1,0
4939,3314,2128,5,3,1,0
5246,3314,2316,4,2,2,1
7872,6998,2396,5,1,1,0
8484,6997,2304,2,1,1,3
8799,5485,2407,5,2,1,0
4637,760,2412,6,1,0,0
4340,3314,2397,4,1,2,1
4934,4129,2399,4,2,2,2
8775,6998,2402,3,2,0,2
8765,6998,2398,5,1,3,0
8448,6187,2299,5,5,0,0
8773,6187,2400,5,0,2,0
673,5485,2216,2,0,1,3
4497,4129,2413,3,1,0,3
7986,3314,2335,5,2,1,0
8849,6998,2415,5,1,2,0
8850,6998,2416,5,5,0,0
2310,6997,2417,1,0,0,4
8858,3314,2418,4,1,0,1
328,6997,2419,4,4,0,1
8306,5485,2277,5,3,2,0
8808,5485,2408,3,0,1,2
7927,761,2369,5,1,0,0
8837,761,2414,4,2,0,1
8722,4990,2390,3,2,0,2
3131,3314,2429,2,0,2,3
7912,3314,2388,4,1,3,1
7332,3314,2431,5,2,1,0
7294,761,2425,4,4,0,2
553,6997,2422,5,5,0,1
1691,6998,2423,5,2,2,0
382,6998,2428,4,1,1,1
1645,6187,2436,4,1,2,1
3227,6187,2424,3,1,0,2
8873,6997,2426,5,1,2,0
8876,6997,2427,5,1,1,0
8900,8866,2440,4,1,1,1
8912,8985,2442,5,5,0,0
2213,6998,2430,4,1,0,1
7664,6998,2438,5,5,0,0
7451,6187,2447,4,2,0,1
8579,5485,2337,4,0,0,1
8726,6997,2391,0,0,0,5
8420,6187,2393,4,3,0,1
1062,761,2437,6,1,0,2
8917,6187,2445,5,0,2,0
8927,6998,2449,2,1,1,3
8918,6997,2446,5,1,0,0
8915,6997,2448,2,1,0,3
7641,3314,2443,0,0,0,5
6895,3314,2403,5,2,0,0
8883,8985,2441,5,2,1,0
1516,6998,2346,4,4,0,1
2577,6997,2348,4,3,0,1
5591,6998,2439,5,1,0,0
577,6997,2456,1,1,0,4
8094,3314,2444,4,1,3,1
8506,3314,2320,5,5,0,0
8942,8864,2453,3,1,0,2
8061,6997,2471,2,2,0,3
7962,6998,2465,5,2,0,0
9055,8866,2475,4,2,0,1
9061,6997,2476,5,1,0,0
7145,8985,2477,3,1,2,2
9010,8866,2482,3,0,0,2
7513,3314,2464,5,2,1,0
2468,6997,2488,3,2,0,2
2301,3314,2489,5,3,1,0
8775,6998,2473,4,3,0,1
1357,6997,2460,5,1,1,0
8947,8985,2452,5,1,3,0
9016,8866,2463,3,1,0,2
9041,8864,2470,5,0,3,0
1151,3314,2480,2,0,2,3
8703,6998,2498,3,1,1,2
740,761,2499,2,1,0,3
3450,3314,2483,5,1,2,0
9196,6998,2509,3,3,0,2
1828,8866,2479,5,0,0,0
5524,760,2522,2,2,0,4
7986,3314,2527,4,1,0,1
8722,4990,2531,5,5,0,0
5305,8866,2523,5,3,0,0
7632,3314,2250,2,2,0,3
5781,3314,2267,2,0,0,3
7113,6998,2530,5,2,1,0
9193,5485,2508,5,3,0,0
2230,408,2529,1,0,0,4
577,8864,2520,3,0,1,2
8979,5485,2455,5,3,0,0
1204,3314,2502,2,2,0,3
2331,6998,2504,3,3,0,2
9276,8985,2539,3,3,0,2
4055,8866,2503,0,0,0,5
8894,8864,2511,5,2,0,0
509,3314,2514,4,2,1,1
1062,761,2562,4,3,0,3
9317,8985,2551,5,0,2,0
7668,5485,2487,4,2,0,1
9297,6998,2545,4,0,0,1
1915,4129,2318,2,0,2,3
1676,5485,2371,2,0,0,3
3595,3314,2461,4,2,1,1
2213,3314,2547,4,1,1,1
7664,6998,2567,4,1,2,1
8212,408,2474,2,2,0,3
8226,3314,2404,4,1,0,1
7178,3314,2519,5,1,0,0
8309,6998,2554,4,2,0,1
3852,6998,2561,5,0,0,0
1227,43,2579,0,0,0,4
8094,3314,2550,3,3,0,2
8397,6998,2568,3,2,0,2
9037,3314,2492,4,2,1,1
7249,6998,2496,4,2,2,1
9217,8985,2518,4,1,3,1
9262,5485,2537,3,2,1,2
9305,3314,2546,4,1,0,1
1646,761,2566,3,1,1,2
9394,6998,2569,3,1,1,2
9393,3314,2570,4,3,0,1
5508,5485,2525,4,2,0,1
9055,3314,2573,2,1,1,3
1123,5485,2607,4,0,0,1
8595,8985,2515,3,1,1,2
9422,6998,2577,5,4,0,0
4958,8985,2589,3,2,0,2
1357,3314,2597,4,0,1,1
9527,6998,2602,2,0,1,3
2301,3314,2616,2,1,0,3
9294,8985,2544,3,1,0,2
9613,5485,2622,4,2,1,1
9212,6998,2613,4,1,1,1
1828,3314,2618,5,2,1,1
7728,6998,2612,3,2,0,2
8420,760,2621,3,0,0,2
7668,5485,2630,5,0,0,0
9660,3314,2629,3,2,0,2
6102,5485,2385,2,1,0,3
5246,3314,2644,3,2,0,2
2598,4129,2647,3,2,1,2
9458,4990,2587,4,4,0,1
9705,3314,2633,2,2,0,3
9174,6998,2637,4,2,1,1
9725,3314,2641,5,4,0,0
9346,5485,2556,4,4,0,1
3338,760,2583,2,2,0,3
9753,5485,2650,3,0,3,2
7986,3314,2661,2,0,0,3
8979,5485,2659,5,5,0,0
9613,5485,2656,4,1,2,1
9768,6998,2648,4,0,4,1
1599,3314,2671,3,1,1,2
1341,3314,2657,4,2,0,1
9329,6998,2558,5,3,0,0
6086,408,2451,4,0,0,1
8915,3314,2535,3,0,2,2
9281,6998,2639,5,0,5,0
740,761,2591,2,2,0,4
9788,6998,2653,5,2,0,0
9480,3314,2586,5,0,0,0
8883,3314,2608,4,3,1,1
6033,6998,2662,4,0,0,1
7290,6998,2685,4,2,1,1
9317,6998,2676,5,0,0,0
708,3314,2682,5,3,0,0
5508,5485,2686,3,0,0,2
9491,5485,2592,0,0,0,5
9196,6998,2599,3,2,1,2
7585,3314,2401,4,0,1,1
3450,3314,2696,4,1,1,1
9851,3314,2666,5,0,2,0
7294,761,2584,0,0,0,5
2269,8864,2695,3,0,2,2
9848,8864,2693,4,1,1,1
577,6998,2674,3,2,0,2
9782,3314,2652,5,3,1,0
1236,3314,2703,3,3,0,2
9855,3314,2677,4,1,0,1
8309,6998,2691,2,0,0,3
673,5485,2542,4,2,1,3
10018,6998,2710,4,0,0,1
9996,6998,2706,4,2,0,1
6452,3314,2692,4,3,0,1
9010,3314,2683,4,0,3,1
1204,3314,2711,3,3,0,2
9805,3314,2660,5,4,1,0
9946,6998,2687,5,0,1,0
9948,6998,2688,5,5,0,0
10000,3314,2705,4,2,1,1
4055,3314,2665,0,0,0,5
10066,3314,2718,2,0,0,3
9193,5485,2714,5,1,2,0
9174,6998,2745,4,3,0,1
10005,4129,2707,4,2,0,2
10113,3314,2735,3,1,1,2
10114,3314,2736,5,1,0,0
10072,8864,2729,5,5,0,0
1654,8864,2737,5,2,0,0
8254,5485,2684,0,0,0,5
10094,5485,2725,5,3,0,0
9725,3314,2748,5,5,0,0
9393,3314,2750,5,4,0,0
559,6998,2765,3,2,0,3
9281,6998,2759,5,1,0,0
9466,8864,2605,5,5,0,0
9619,408,2624,3,3,0,2
9798,6998,2655,4,1,0,1
9579,5485,2751,0,0,0,5
10191,760,2761,4,1,1,1
10202,5485,2764,0,0,0,5
9732,6997,2673,5,5,0,0
10105,6997,2732,5,0,0,0
10265,5598,2776,5,2,1,0
9635,6998,2627,5,1,2,0
10221,6997,2780,5,2,1,0
10401,6997,2795,5,2,0,0
10370,6997,2793,3,1,1,2
10385,6998,2792,5,3,1,0
10013,10151,2769,5,2,1,0
10462,761,2821,1,0,0,2
10364,408,2789,5,1,0,0
4764,6997,2777,2,1,0,3
959,6997,2701,1,1,0,4
9995,6998,2704,2,0,0,3
10333,5485,2802,5,2,1,0
10296,10152,2783,5,3,1,0
10076,10151,2721,5,4,1,0
10107,6998,2739,5,2,0,0
2598,4129,2788,1,0,0,4
10144,10151,2747,2,0,0,3
8894,5485,2762,3,2,0,2
9349,6997,2702,5,1,3,0
9997,6998,2716,5,4,0,0
10420,10152,2810,5,0,0,0
9643,10151,2811,3,1,2,2
5524,5485,2634,3,1,0,2
7419,5485,2843,0,0,0,5
3227,6997,2538,5,1,2,0
7641,6998,2571,5,5,0,0
6608,10152,2719,4,0,0,1
10271,10152,2778,5,2,3,0
1866,6997,2824,3,2,0,2
2236,5485,2840,5,3,0,0
10627,761,2845,5,5,0,0
8703,6998,2619,2,0,1,3
8174,4990,2858,3,2,0,2
7624,4990,2864,4,1,0,1
4792,6997,2851,4,1,0,1
10640,4129,2849,4,2,0,2
10306,6997,2796,0,0,0,5
10514,408,2831,5,1,1,0
10628,10151,2846,3,1,0,2
7632,6997,2632,2,1,0,3
577,4990,2844,2,0,2,3
3717,6997,2839,4,1,0,1
10236,10151,2771,3,0,1,2
10649,5485,2854,4,1,1,1
10659,10152,2859,4,2,2,1
1559,4990,2860,5,5,0,0
10634,10152,2861,2,1,1,1
5218,10151,2865,4,1,0,1
9788,5485,2850,3,2,0,2
6197,5485,2875,0,0,0,5
10644,10151,2856,4,0,2,1
5040,6997,2863,3,1,2,2
1361,6997,2866,3,2,0,2
8078,5485,2892,2,1,1,3
4082,6997,2876,3,2,1,2
10656,10152,2862,4,1,2,1
10719,6997,2870,5,0,0,0
2468,5485,2873,2,0,1,3
7271,5485,2877,2,1,1,3
10746,10151,2884,5,0,2,0
6086,5485,2889,5,0,0,0
7728,10152,2881,5,2,0,0
2641,10151,2883,4,3,0,1
8310,761,2871,2,0,1,3
868,5485,2878,5,3,0,0
5212,5485,2890,3,2,0,2
4939,5485,2888,5,0,1,0
3376,5485,2893,4,2,0,1
9640,10151,2626,4,1,1,1
7590,10152,2672,5,2,1,0
10075,5485,2720,4,0,2,1
10249,10151,2773,5,0,4,0
673,5485,2853,4,1,1,1
10929,4990,2913,4,2,1,1
10889,4990,2910,4,0,2,1
10652,6997,2857,3,1,0,2
10223,10151,2768,5,2,2,0
2119,10151,2885,0,0,0,5
10877,10151,2905,4,2,1,1
10670,10152,2895,0,0,0,5
10878,10152,2904,4,1,1,1
10690,6997,2867,5,1,2,0
10792,6997,2882,5,1,0,0
4218,6997,2886,0,0,0,5
9055,6997,2758,1,0,0,4
509,6997,2763,0,0,0,5
5485,10151,2947,3,2,0,2
10764,10151,2872,5,1,1,0
10870,10151,2907,4,1,2,1
10906,10152,2906,4,0,4,1
10605,10152,2896,4,2,1,1
10323,10152,2785,5,4,0,0
10334,5485,2787,4,0,0,1
10144,5485,2898,3,0,0,2
3486,5485,2900,3,1,0,2
6102,5485,2772,0,0,0,5
9805,5485,2903,5,5,0,0
10202,5485,2908,0,0,0,5
10943,5485,2919,0,0,0,5
10809,10152,2914,0,0,0,5
10273,10151,2779,5,3,0,0
8094,10151,2911,0,0,0,4
10930,10151,2915,5,0,3,0
5426,6997,2902,5,2,0,0
2134,6997,2916,4,0,1,1
10722,761,2918,0,0,0,5
4497,4129,2524,3,1,1,2
1646,761,2668,3,1,0,2
7664,6997,2645,3,1,2,2
7875,6997,2920,0,0,0,5
1602,6997,2924,0,0,0,5
9705,6997,2926,4,1,1,1
10832,8866,2912,0,0,0,5
9806,8866,2658,5,2,2,0
10980,4990,2925,0,0,0,4
3856,5485,2709,0,0,0,5
745,5485,2929,2,2,0,3
9648,10151,2649,0,0,0,5
9838,10152,2663,0,0,0,5
10055,10151,2717,0,0,0,5
10907,10152,2917,3,2,1,2
4629,10152,2921,4,1,0,1
1412,4990,2933,5,5,0,0
11065,10151,2934,4,4,0,0
3131,5485,2781,0,0,0,4
10051,5485,2715,0,0,0,5
539,760,2951,0,0,0,5
9746,6997,2643,0,0,0,5
11025,6997,2930,2,0,0,3
11073,6997,2937,4,3,0,1
10242,8866,2838,0,0,0,5
10896,8866,2927,4,1,1,1
11039,5485,2932,5,2,0,0
11084,5485,2939,0,0,0,5
4541,10151,2938,0,0,0,5
9291,10152,2935,0,0,0,4
10780,10151,2976,0,0,0,4
5554,10152,2679,5,0,0,0
11108,6997,2940,5,1,1,0
11131,5485,2942,0,0,0,5
10795,5485,2945,0,0,0,4
11162,8866,2946,5,3,0,0
11225,8866,2948,0,0,0,5
11239,6997,2949,0,0,0,5
11241,6997,2950,5,1,0,0
11279,10152,2953,0,0,0,5
11318,761,2954,5,2,1,0
10909,10152,2956,4,0,1,1
11348,10151,2960,0,0,0,5
11374,6997,2963,0,0,0,5
11520,6997,2970,0,0,0,5
11326,8866,2962,0,0,0,5
11486,8866,2969,0,0,0,5
10815,10152,2973,0,0,0,5
11186,10152,2961,5,0,2,0
11438,10151,2967,0,0,0,5
11483,6998,2972,0,0,0,5
11572,6998,2974,4,0,0,1
10072,761,3002,0,0,0,5
10762,5485,2894,0,0,0,5
11599,10151,2975,5,2,1,0
11573,6998,2977,0,0,0,5
11741,6998,2988,4,1,0,1
11659,6997,2979,0,0,0,5
11779,10152,2991,0,0,0,5
5524,5485,2981,0,0,0,5
11902,10151,3000,0,0,0,5
772,6997,2957,3,1,0,2
10640,10151,3019,0,0,0,5
9432,8866,3023,0,0,0,5
1227,43,3072,0,0,0,3
